epoch,pgd_base_before,pgd_base_after,delta_base,applied_add,applied_del,deg_hist_jsd,acc_usa,acc_brazil
0,3.777552604675293,3.777552604675293,0.0,0,0,0.0,0.6218487394957983,0.7777777777777778
1,-0.05323094129562378,-0.05323094129562378,0.0,0,0,0.0,0.6260504201680672,0.8148148148148148
2,-0.05004282295703888,-0.05004282295703888,0.0,0,0,0.0,0.634453781512605,0.7407407407407407
3,-0.013812115415930748,-0.013812115415930748,0.0,0,0,0.0,0.634453781512605,0.7037037037037037
4,0.01358896866440773,0.01358896866440773,0.0,0,0,0.0,0.6218487394957983,0.8148148148148148
5,0.014668092131614685,0.014668092131614685,0.0,0,0,0.0,0.6134453781512605,0.7777777777777778
6,-0.02528725191950798,-0.02528725191950798,0.0,0,0,0.0,0.6134453781512605,0.7777777777777778
7,-0.054276496171951294,-0.054276496171951294,0.0,0,0,0.0,0.6218487394957983,0.7777777777777778
8,-0.07254442572593689,-0.07254442572593689,0.0,0,0,0.0,0.6218487394957983,0.8148148148148148
9,-0.0829114317893982,-0.0829114317893982,0.0,0,0,0.0,0.6470588235294118,0.7407407407407407
10,-0.08649890869855881,-0.08649890869855881,0.0,0,0,0.0,0.6302521008403361,0.6296296296296297
11,-0.1007009744644165,-0.1007009744644165,0.0,0,0,0.0,0.634453781512605,0.6666666666666666
12,0.011830627918243408,0.011830627918243408,0.0,0,0,0.0,0.6134453781512605,0.6666666666666666
13,0.08178815245628357,0.08178815245628357,0.0,0,0,0.0,0.6596638655462185,0.7037037037037037
14,0.14019271731376648,0.14019271731376648,0.0,0,0,0.0,0.6596638655462185,0.6666666666666666
15,0.1787022054195404,0.1787022054195404,0.0,0,0,0.0,0.6680672268907563,0.6666666666666666
16,0.20646819472312927,0.20646819472312927,0.0,0,0,0.0,0.6638655462184874,0.5925925925925926
17,0.16328825056552887,0.16328825056552887,0.0,0,0,0.0,0.6680672268907563,0.6296296296296297
18,0.12126131355762482,0.12126131355762482,0.0,0,0,0.0,0.6848739495798319,0.7037037037037037
19,0.11800648272037506,0.11800648272037506,0.0,0,0,0.0,0.6722689075630253,0.5925925925925926
20,0.05174238234758377,0.05174238234758377,0.0,0,0,0.0,0.6470588235294118,0.5555555555555556
21,0.05632171034812927,0.05632171034812927,0.0,0,0,0.0,0.6554621848739496,0.5185185185185185
22,0.061163149774074554,0.061163149774074554,0.0,0,0,0.0,0.6386554621848739,0.5185185185185185
23,0.041402965784072876,0.041402965784072876,0.0,0,0,0.0,0.6470588235294118,0.5925925925925926
24,0.03327330946922302,0.03327330946922302,0.0,0,0,0.0,0.6386554621848739,0.6296296296296297
25,-0.07142935693264008,-0.07142935693264008,0.0,0,0,0.0,0.6176470588235294,0.6666666666666666
26,-0.1273874193429947,-0.1273874193429947,0.0,0,0,0.0,0.6176470588235294,0.5925925925925926
27,-0.07358768582344055,-0.07358768582344055,0.0,0,0,0.0,0.6218487394957983,0.6666666666666666
28,0.03757208585739136,0.03757208585739136,0.0,0,0,0.0,0.6092436974789915,0.6296296296296297
29,0.09409692138433456,0.09409692138433456,0.0,0,0,0.0,0.5966386554621849,0.6666666666666666
30,0.020868048071861267,0.020868048071861267,0.0,0,0,0.0,0.6092436974789915,0.6666666666666666
31,-0.06693664193153381,-0.06693664193153381,0.0,0,0,0.0,0.6176470588235294,0.6666666666666666
32,-0.032279908657073975,-0.032279908657073975,0.0,0,0,0.0,0.6008403361344538,0.6296296296296297
33,-0.02916742116212845,-0.02916742116212845,0.0,0,0,0.0,0.6008403361344538,0.6296296296296297
34,-0.09310009330511093,-0.09310009330511093,0.0,0,0,0.0,0.6092436974789915,0.6666666666666666
35,-0.05642823874950409,-0.05642823874950409,0.0,0,0,0.0,0.6260504201680672,0.6666666666666666
36,0.07600629329681396,0.07600629329681396,0.0,0,0,0.0,0.6470588235294118,0.6296296296296297
37,0.12467506527900696,0.12467506527900696,0.0,0,0,0.0,0.6176470588235294,0.6666666666666666
38,0.21211951971054077,0.21211951971054077,0.0,0,0,0.0,0.5966386554621849,0.7037037037037037
39,0.07059910148382187,0.07059910148382187,0.0,0,0,0.0,0.634453781512605,0.6666666666666666
40,-0.04724046587944031,-0.04724046587944031,0.0,0,0,0.0,0.5840336134453782,0.6296296296296297
41,-0.027019307017326355,-0.027019307017326355,0.0,0,0,0.0,0.6134453781512605,0.5925925925925926
42,-0.018284138292074203,-0.018284138292074203,0.0,0,0,0.0,0.6176470588235294,0.5185185185185185
43,-0.04338613897562027,-0.04338613897562027,0.0,0,0,0.0,0.6008403361344538,0.5925925925925926
44,0.006238535046577454,0.006238535046577454,0.0,0,0,0.0,0.592436974789916,0.5925925925925926
45,-0.023605242371559143,-0.023605242371559143,0.0,0,0,0.0,0.6050420168067226,0.5925925925925926
46,-0.10050737857818604,-0.10050737857818604,0.0,0,0,0.0,0.6218487394957983,0.5925925925925926
47,0.040265314280986786,0.040265314280986786,0.0,0,0,0.0,0.6176470588235294,0.6296296296296297
48,0.03551443666219711,0.03551443666219711,0.0,0,0,0.0,0.6260504201680672,0.6296296296296297
49,-0.005192309617996216,-0.005192309617996216,0.0,0,0,0.0,0.6050420168067226,0.6666666666666666
50,-0.07742040604352951,-0.07742040604352951,0.0,0,0,0.0,0.5966386554621849,0.5925925925925926
51,-0.11496433615684509,-0.11496433615684509,0.0,0,0,0.0,0.592436974789916,0.5925925925925926
52,-0.0851036012172699,-0.0851036012172699,0.0,0,0,0.0,0.592436974789916,0.5925925925925926
53,-0.10720047354698181,-0.10720047354698181,0.0,0,0,0.0,0.592436974789916,0.6296296296296297
54,-0.05610990524291992,-0.05610990524291992,0.0,0,0,0.0,0.6008403361344538,0.6666666666666666
55,0.05906571447849274,0.05906571447849274,0.0,0,0,0.0,0.6050420168067226,0.6666666666666666
56,-0.05121824890375137,-0.05121824890375137,0.0,0,0,0.0,0.6176470588235294,0.6296296296296297
57,-0.2180943638086319,-0.2180943638086319,0.0,0,0,0.0,0.6050420168067226,0.6666666666666666
58,-0.09774535894393921,-0.09774535894393921,0.0,0,0,0.0,0.6260504201680672,0.7037037037037037
59,-0.12226620316505432,-0.12226620316505432,0.0,0,0,0.0,0.6092436974789915,0.7037037037037037
60,-0.18430376052856445,-0.18430376052856445,0.0,0,0,0.0,0.6092436974789915,0.7037037037037037
61,-0.10529281198978424,-0.10529281198978424,0.0,0,0,0.0,0.6050420168067226,0.7407407407407407
62,-0.03636573255062103,-0.03636573255062103,0.0,0,0,0.0,0.6176470588235294,0.6666666666666666
63,0.02656562253832817,0.02656562253832817,0.0,0,0,0.0,0.634453781512605,0.6666666666666666
64,0.014284759759902954,0.014284759759902954,0.0,0,0,0.0,0.6092436974789915,0.6296296296296297
65,0.0580296665430069,0.0580296665430069,0.0,0,0,0.0,0.6260504201680672,0.7037037037037037
66,-0.0403057299554348,-0.0403057299554348,0.0,0,0,0.0,0.6260504201680672,0.6666666666666666
67,-2.7842819690704346e-05,-2.7842819690704346e-05,0.0,0,0,0.0,0.6260504201680672,0.6666666666666666
68,0.05191794037818909,0.05191794037818909,0.0,0,0,0.0,0.6260504201680672,0.6666666666666666
69,-0.0667472779750824,-0.0667472779750824,0.0,0,0,0.0,0.634453781512605,0.7407407407407407
70,-0.1349390596151352,-0.1349390596151352,0.0,0,0,0.0,0.6176470588235294,0.6666666666666666
71,0.0641142874956131,0.0641142874956131,0.0,0,0,0.0,0.6218487394957983,0.7407407407407407
72,0.1894616186618805,0.1894616186618805,0.0,0,0,0.0,0.6386554621848739,0.7037037037037037
73,0.12731048464775085,0.12731048464775085,0.0,0,0,0.0,0.6134453781512605,0.7777777777777778
74,-0.01663162186741829,-0.01663162186741829,0.0,0,0,0.0,0.6092436974789915,0.7037037037037037
75,-0.021450743079185486,-0.021450743079185486,0.0,0,0,0.0,0.6050420168067226,0.7407407407407407
76,0.09146907925605774,0.09146907925605774,0.0,0,0,0.0,0.6008403361344538,0.7407407407407407
77,-0.004481643438339233,-0.004481643438339233,0.0,0,0,0.0,0.5882352941176471,0.7037037037037037
78,-0.12159352004528046,-0.12159352004528046,0.0,0,0,0.0,0.6008403361344538,0.7407407407407407
79,-0.05202215164899826,-0.05202215164899826,0.0,0,0,0.0,0.5966386554621849,0.7777777777777778
80,-0.08696359395980835,-0.08696359395980835,0.0,0,0,0.0,0.6134453781512605,0.8148148148148148
81,-0.031303584575653076,-0.031303584575653076,0.0,0,0,0.0,0.6008403361344538,0.7407407407407407
82,-0.06587766110897064,-0.06587766110897064,0.0,0,0,0.0,0.6134453781512605,0.7777777777777778
83,0.004150278866291046,0.004150278866291046,0.0,0,0,0.0,0.6092436974789915,0.6666666666666666
84,0.08632569015026093,0.08632569015026093,0.0,0,0,0.0,0.6050420168067226,0.7407407407407407
85,0.08264376223087311,0.08264376223087311,0.0,0,0,0.0,0.6008403361344538,0.7037037037037037
86,-0.05301851034164429,-0.05301851034164429,0.0,0,0,0.0,0.592436974789916,0.7037037037037037
87,-0.11538275331258774,-0.11538275331258774,0.0,0,0,0.0,0.6008403361344538,0.7037037037037037
88,0.047892555594444275,0.047892555594444275,0.0,0,0,0.0,0.5966386554621849,0.7407407407407407
89,0.09149619936943054,0.09149619936943054,0.0,0,0,0.0,0.5966386554621849,0.7777777777777778
90,0.004755428992211819,0.004755428992211819,0.0,0,0,0.0,0.6134453781512605,0.8148148148148148
91,-0.07300952821969986,-0.07300952821969986,0.0,0,0,0.0,0.6092436974789915,0.7777777777777778
92,-0.2515447437763214,-0.2515447437763214,0.0,0,0,0.0,0.6260504201680672,0.7777777777777778
93,-0.039867594838142395,-0.039867594838142395,0.0,0,0,0.0,0.6134453781512605,0.7407407407407407
94,-0.008973896503448486,-0.008973896503448486,0.0,0,0,0.0,0.6260504201680672,0.7407407407407407
95,-0.09818167984485626,-0.09818167984485626,0.0,0,0,0.0,0.6386554621848739,0.7037037037037037
96,0.07775866985321045,0.07775866985321045,0.0,0,0,0.0,0.6260504201680672,0.7037037037037037
97,0.2269413024187088,0.2269413024187088,0.0,0,0,0.0,0.6134453781512605,0.7037037037037037
98,0.09921731054782867,0.09921731054782867,0.0,0,0,0.0,0.6260504201680672,0.7407407407407407
99,-0.05410081893205643,-0.05410081893205643,0.0,0,0,0.0,0.634453781512605,0.7037037037037037
0,3.860445976257324,3.860445976257324,0.0,0,0,0.0,0.6218487394957983,0.7407407407407407
1,0.005779087543487549,0.005779087543487549,0.0,0,0,0.0,0.6470588235294118,0.7407407407407407
2,0.045307718217372894,0.045307718217372894,0.0,0,0,0.0,0.6302521008403361,0.7407407407407407
3,-0.052783362567424774,-0.052783362567424774,0.0,0,0,0.0,0.6302521008403361,0.6666666666666666
4,-0.061412498354911804,-0.061412498354911804,0.0,0,0,0.0,0.634453781512605,0.7407407407407407
5,-0.07205675542354584,-0.07205675542354584,0.0,0,0,0.0,0.6428571428571429,0.7407407407407407
6,-0.06726096570491791,-0.06726096570491791,0.0,0,0,0.0,0.6512605042016807,0.7037037037037037
7,-0.06205916404724121,-0.06205916404724121,0.0,0,0,0.0,0.6428571428571429,0.7407407407407407
8,-0.05502820014953613,-0.05502820014953613,0.0,0,0,0.0,0.6512605042016807,0.5925925925925926
9,-0.08491479605436325,-0.08491479605436325,0.0,0,0,0.0,0.6554621848739496,0.5555555555555556
10,-0.07469095289707184,-0.07469095289707184,0.0,0,0,0.0,0.6470588235294118,0.5925925925925926
11,-0.07198822498321533,-0.07198822498321533,0.0,0,0,0.0,0.6302521008403361,0.7037037037037037
12,-0.03693929314613342,-0.03693929314613342,0.0,0,0,0.0,0.6302521008403361,0.7407407407407407
13,-0.07163409888744354,-0.07163409888744354,0.0,0,0,0.0,0.6176470588235294,0.7037037037037037
14,-0.09119852632284164,-0.09119852632284164,0.0,0,0,0.0,0.6218487394957983,0.6666666666666666
15,-0.12816627323627472,-0.12816627323627472,0.0,0,0,0.0,0.634453781512605,0.7037037037037037
16,-0.13880302011966705,-0.13880302011966705,0.0,0,0,0.0,0.6260504201680672,0.6296296296296297
17,-0.07572377473115921,-0.07572377473115921,0.0,0,0,0.0,0.6428571428571429,0.6666666666666666
18,-0.06982160359621048,-0.06982160359621048,0.0,0,0,0.0,0.6470588235294118,0.5925925925925926
19,-0.08679863810539246,-0.08679863810539246,0.0,0,0,0.0,0.6260504201680672,0.5185185185185185
20,-0.033774614334106445,-0.033774614334106445,0.0,0,0,0.0,0.6470588235294118,0.5555555555555556
21,-0.012670397758483887,-0.012670397758483887,0.0,0,0,0.0,0.6638655462184874,0.6296296296296297
22,-0.01303543895483017,-0.01303543895483017,0.0,0,0,0.0,0.6512605042016807,0.7037037037037037
23,-0.05554633215069771,-0.05554633215069771,0.0,0,0,0.0,0.6428571428571429,0.6296296296296297
24,-0.1004534512758255,-0.1004534512758255,0.0,0,0,0.0,0.6428571428571429,0.48148148148148145
25,-0.08297570049762726,-0.08297570049762726,0.0,0,0,0.0,0.634453781512605,0.5555555555555556
26,-0.062227219343185425,-0.062227219343185425,0.0,0,0,0.0,0.6554621848739496,0.5925925925925926
27,0.021020323038101196,0.021020323038101196,0.0,0,0,0.0,0.6428571428571429,0.5925925925925926
28,0.10503561794757843,0.10503561794757843,0.0,0,0,0.0,0.6470588235294118,0.5555555555555556
29,0.045798033475875854,0.045798033475875854,0.0,0,0,0.0,0.6554621848739496,0.5185185185185185
30,0.03885924816131592,0.03885924816131592,0.0,0,0,0.0,0.6428571428571429,0.5555555555555556
31,0.08116042613983154,0.08116042613983154,0.0,0,0,0.0,0.6470588235294118,0.5555555555555556
32,0.12145738303661346,0.12145738303661346,0.0,0,0,0.0,0.634453781512605,0.5555555555555556
33,0.17774607241153717,0.17774607241153717,0.0,0,0,0.0,0.6386554621848739,0.6296296296296297
34,0.20640869438648224,0.20640869438648224,0.0,0,0,0.0,0.6260504201680672,0.6666666666666666
35,0.19247013330459595,0.19247013330459595,0.0,0,0,0.0,0.6050420168067226,0.6666666666666666
36,0.14735309779644012,0.14735309779644012,0.0,0,0,0.0,0.5756302521008403,0.5185185185185185
37,0.07592840492725372,0.07592840492725372,0.0,0,0,0.0,0.5714285714285714,0.5185185185185185
38,0.05485844612121582,0.05485844612121582,0.0,0,0,0.0,0.6092436974789915,0.5185185185185185
39,0.11133089661598206,0.11133089661598206,0.0,0,0,0.0,0.6302521008403361,0.5925925925925926
40,0.15428191423416138,0.15428191423416138,0.0,0,0,0.0,0.6134453781512605,0.5925925925925926
41,0.11417843401432037,0.11417843401432037,0.0,0,0,0.0,0.6302521008403361,0.5925925925925926
42,-0.02443462610244751,-0.02443462610244751,0.0,0,0,0.0,0.5882352941176471,0.5185185185185185
43,-0.0063003599643707275,-0.0063003599643707275,0.0,0,0,0.0,0.6134453781512605,0.5555555555555556
44,0.0014334022998809814,0.0014334022998809814,0.0,0,0,0.0,0.6176470588235294,0.6296296296296297
45,-0.02856486290693283,-0.02856486290693283,0.0,0,0,0.0,0.6218487394957983,0.6666666666666666
46,0.1043475791811943,0.1043475791811943,0.0,0,0,0.0,0.6218487394957983,0.5925925925925926
47,0.13392169773578644,0.13392169773578644,0.0,0,0,0.0,0.6218487394957983,0.6296296296296297
48,-0.052664078772068024,-0.052664078772068024,0.0,0,0,0.0,0.6134453781512605,0.6296296296296297
49,0.006777822971343994,0.006777822971343994,0.0,0,0,0.0,0.6092436974789915,0.7037037037037037
50,0.11078020930290222,0.11078020930290222,0.0,0,0,0.0,0.6260504201680672,0.6666666666666666
51,-0.029190704226493835,-0.029190704226493835,0.0,0,0,0.0,0.6218487394957983,0.7037037037037037
52,-0.02585090696811676,-0.02585090696811676,0.0,0,0,0.0,0.6386554621848739,0.6296296296296297
53,0.09888631105422974,0.09888631105422974,0.0,0,0,0.0,0.6386554621848739,0.5555555555555556
54,0.16992662847042084,0.16992662847042084,0.0,0,0,0.0,0.6428571428571429,0.6296296296296297
55,0.051252610981464386,0.051252610981464386,0.0,0,0,0.0,0.6302521008403361,0.6296296296296297
56,-0.08769731223583221,-0.08769731223583221,0.0,0,0,0.0,0.634453781512605,0.6296296296296297
57,-0.06220786273479462,-0.06220786273479462,0.0,0,0,0.0,0.6386554621848739,0.6666666666666666
58,-0.013526886701583862,-0.013526886701583862,0.0,0,0,0.0,0.6428571428571429,0.7037037037037037
59,0.03483667969703674,0.03483667969703674,0.0,0,0,0.0,0.6428571428571429,0.6296296296296297
60,0.009419500827789307,0.009419500827789307,0.0,0,0,0.0,0.6302521008403361,0.6296296296296297
61,-0.049955323338508606,-0.049955323338508606,0.0,0,0,0.0,0.6428571428571429,0.6666666666666666
62,-0.007245913147926331,-0.007245913147926331,0.0,0,0,0.0,0.6512605042016807,0.5925925925925926
63,0.14122098684310913,0.14122098684310913,0.0,0,0,0.0,0.6302521008403361,0.6296296296296297
64,0.1673644483089447,0.1673644483089447,0.0,0,0,0.0,0.6176470588235294,0.7037037037037037
65,0.050885170698165894,0.050885170698165894,0.0,0,0,0.0,0.6260504201680672,0.6296296296296297
66,0.03667318820953369,0.03667318820953369,0.0,0,0,0.0,0.6218487394957983,0.6666666666666666
67,0.11259438097476959,0.11259438097476959,0.0,0,0,0.0,0.6176470588235294,0.7037037037037037
68,0.15601761639118195,0.15601761639118195,0.0,0,0,0.0,0.6260504201680672,0.6296296296296297
69,0.17806801199913025,0.17806801199913025,0.0,0,0,0.0,0.6218487394957983,0.7037037037037037
70,0.05672609806060791,0.05672609806060791,0.0,0,0,0.0,0.6218487394957983,0.7407407407407407
71,-0.13265842199325562,-0.13265842199325562,0.0,0,0,0.0,0.6092436974789915,0.7777777777777778
72,-0.14134879410266876,-0.14134879410266876,0.0,0,0,0.0,0.6134453781512605,0.7407407407407407
73,0.011565417051315308,0.011565417051315308,0.0,0,0,0.0,0.6092436974789915,0.7777777777777778
74,-0.015191048383712769,-0.015191048383712769,0.0,0,0,0.0,0.6092436974789915,0.7407407407407407
75,-0.06981630623340607,-0.06981630623340607,0.0,0,0,0.0,0.6302521008403361,0.7777777777777778
76,0.038006171584129333,0.038006171584129333,0.0,0,0,0.0,0.6386554621848739,0.7777777777777778
77,-0.025544773787260056,-0.025544773787260056,0.0,0,0,0.0,0.6554621848739496,0.7407407407407407
78,-0.07918839901685715,-0.07918839901685715,0.0,0,0,0.0,0.6512605042016807,0.7407407407407407
79,-0.036393553018569946,-0.036393553018569946,0.0,0,0,0.0,0.6176470588235294,0.7407407407407407
80,-0.08527962863445282,-0.08527962863445282,0.0,0,0,0.0,0.6302521008403361,0.7777777777777778
81,-0.16757290065288544,-0.16757290065288544,0.0,0,0,0.0,0.6386554621848739,0.7407407407407407
82,-0.16512954235076904,-0.16512954235076904,0.0,0,0,0.0,0.6302521008403361,0.7777777777777778
83,-0.1080617755651474,-0.1080617755651474,0.0,0,0,0.0,0.6386554621848739,0.7407407407407407
84,-0.11513723433017731,-0.11513723433017731,0.0,0,0,0.0,0.634453781512605,0.7777777777777778
85,-0.05714360624551773,-0.05714360624551773,0.0,0,0,0.0,0.6386554621848739,0.7037037037037037
86,0.0004963725805282593,0.0004963725805282593,0.0,0,0,0.0,0.634453781512605,0.7037037037037037
87,0.006886042654514313,0.006886042654514313,0.0,0,0,0.0,0.6428571428571429,0.7037037037037037
88,-0.045059144496917725,-0.045059144496917725,0.0,0,0,0.0,0.6512605042016807,0.7407407407407407
89,-0.06117814779281616,-0.06117814779281616,0.0,0,0,0.0,0.6302521008403361,0.7407407407407407
90,-0.09991027414798737,-0.09991027414798737,0.0,0,0,0.0,0.6260504201680672,0.7777777777777778
91,-0.06753550469875336,-0.06753550469875336,0.0,0,0,0.0,0.6134453781512605,0.7407407407407407
92,0.022998005151748657,0.022998005151748657,0.0,0,0,0.0,0.5966386554621849,0.7407407407407407
93,0.05373072624206543,0.05373072624206543,0.0,0,0,0.0,0.592436974789916,0.7407407407407407
94,-0.13697244226932526,-0.13697244226932526,0.0,0,0,0.0,0.6008403361344538,0.7037037037037037
95,-0.10907149314880371,-0.10907149314880371,0.0,0,0,0.0,0.6092436974789915,0.6666666666666666
96,-0.004050135612487793,-0.004050135612487793,0.0,0,0,0.0,0.5840336134453782,0.6666666666666666
97,-0.0008836537599563599,-0.0008836537599563599,0.0,0,0,0.0,0.5840336134453782,0.6666666666666666
98,-0.027755342423915863,-0.027755342423915863,0.0,0,0,0.0,0.5756302521008403,0.7407407407407407
99,0.033014893531799316,0.033014893531799316,0.0,0,0,0.0,0.5840336134453782,0.7407407407407407
0,8.232909202575684,8.232909202575684,0.0,0,0,0.0,0.5882352941176471,0.6666666666666666
1,-0.005668938159942627,-0.005668938159942627,0.0,0,0,0.0,0.6050420168067226,0.7037037037037037
2,-0.06262597441673279,-0.06262597441673279,0.0,0,0,0.0,0.6050420168067226,0.7037037037037037
3,-0.07308200001716614,-0.07308200001716614,0.0,0,0,0.0,0.5840336134453782,0.7037037037037037
4,-0.06219492852687836,-0.06219492852687836,0.0,0,0,0.0,0.5840336134453782,0.7407407407407407
5,-0.04601374268531799,-0.04601374268531799,0.0,0,0,0.0,0.6134453781512605,0.7407407407407407
6,-0.06716886162757874,-0.06716886162757874,0.0,0,0,0.0,0.6260504201680672,0.6296296296296297
7,-0.062386393547058105,-0.062386393547058105,0.0,0,0,0.0,0.6260504201680672,0.5925925925925926
8,-0.06475245952606201,-0.06475245952606201,0.0,0,0,0.0,0.6260504201680672,0.5925925925925926
9,-0.04446518421173096,-0.04446518421173096,0.0,0,0,0.0,0.6302521008403361,0.6296296296296297
10,-0.04592292755842209,-0.04592292755842209,0.0,0,0,0.0,0.6134453781512605,0.6296296296296297
11,-0.061350345611572266,-0.061350345611572266,0.0,0,0,0.0,0.634453781512605,0.5925925925925926
12,-0.11056279391050339,-0.11056279391050339,0.0,0,0,0.0,0.634453781512605,0.7037037037037037
13,-0.09564186632633209,-0.09564186632633209,0.0,0,0,0.0,0.6260504201680672,0.7037037037037037
14,-0.13100174069404602,-0.13100174069404602,0.0,0,0,0.0,0.6302521008403361,0.6666666666666666
15,-0.12404083460569382,-0.12404083460569382,0.0,0,0,0.0,0.6470588235294118,0.6296296296296297
16,-0.11871521174907684,-0.11871521174907684,0.0,0,0,0.0,0.6554621848739496,0.7037037037037037
17,0.06383685767650604,0.06383685767650604,0.0,0,0,0.0,0.6470588235294118,0.7777777777777778
18,0.02724204584956169,0.02724204584956169,0.0,0,0,0.0,0.634453781512605,0.7037037037037037
19,-0.059011124074459076,-0.059011124074459076,0.0,0,0,0.0,0.6470588235294118,0.7037037037037037
20,-0.03354738652706146,-0.03354738652706146,0.0,0,0,0.0,0.6470588235294118,0.7777777777777778
21,0.12093150615692139,0.12093150615692139,0.0,0,0,0.0,0.6386554621848739,0.7407407407407407
22,0.16715046763420105,0.16715046763420105,0.0,0,0,0.0,0.6302521008403361,0.7037037037037037
23,0.08269679546356201,0.08269679546356201,0.0,0,0,0.0,0.6218487394957983,0.6296296296296297
24,0.02886459231376648,0.02886459231376648,0.0,0,0,0.0,0.6302521008403361,0.6666666666666666
25,0.032440513372421265,0.032440513372421265,0.0,0,0,0.0,0.6386554621848739,0.7407407407407407
26,0.183163121342659,0.183163121342659,0.0,0,0,0.0,0.6302521008403361,0.7037037037037037
27,0.23151099681854248,0.23151099681854248,0.0,0,0,0.0,0.6176470588235294,0.7037037037037037
28,0.14106516540050507,0.14106516540050507,0.0,0,0,0.0,0.5966386554621849,0.6666666666666666
29,0.08071582019329071,0.08071582019329071,0.0,0,0,0.0,0.6134453781512605,0.5925925925925926
30,0.11630067229270935,0.11630067229270935,0.0,0,0,0.0,0.6218487394957983,0.5925925925925926
31,0.06798854470252991,0.06798854470252991,0.0,0,0,0.0,0.6218487394957983,0.5925925925925926
32,-8.99285078048706e-05,-8.99285078048706e-05,0.0,0,0,0.0,0.6050420168067226,0.6666666666666666
33,-0.021744444966316223,-0.021744444966316223,0.0,0,0,0.0,0.5966386554621849,0.6296296296296297
34,-0.0063454508781433105,-0.0063454508781433105,0.0,0,0,0.0,0.6260504201680672,0.6296296296296297
35,-0.020488016307353973,-0.020488016307353973,0.0,0,0,0.0,0.6218487394957983,0.6666666666666666
36,-0.0034576132893562317,-0.0034576132893562317,0.0,0,0,0.0,0.6260504201680672,0.7407407407407407
37,0.00046224892139434814,0.00046224892139434814,0.0,0,0,0.0,0.6260504201680672,0.6666666666666666
38,0.18250632286071777,0.18250632286071777,0.0,0,0,0.0,0.6134453781512605,0.6666666666666666
39,0.12058529257774353,0.12058529257774353,0.0,0,0,0.0,0.6260504201680672,0.5925925925925926
40,0.1171853095293045,0.1171853095293045,0.0,0,0,0.0,0.6176470588235294,0.6296296296296297
41,0.28952351212501526,0.28952351212501526,0.0,0,0,0.0,0.5966386554621849,0.5925925925925926
42,0.22869563102722168,0.22869563102722168,0.0,0,0,0.0,0.6134453781512605,0.5925925925925926
43,0.06837327778339386,0.06837327778339386,0.0,0,0,0.0,0.5840336134453782,0.6296296296296297
44,0.08594013750553131,0.08594013750553131,0.0,0,0,0.0,0.6008403361344538,0.6296296296296297
45,0.2336629033088684,0.2336629033088684,0.0,0,0,0.0,0.6008403361344538,0.5925925925925926
46,0.2186385691165924,0.2186385691165924,0.0,0,0,0.0,0.6092436974789915,0.6666666666666666
47,0.2641342282295227,0.2641342282295227,0.0,0,0,0.0,0.6302521008403361,0.6666666666666666
48,0.30983054637908936,0.30983054637908936,0.0,0,0,0.0,0.6302521008403361,0.7407407407407407
49,0.16627764701843262,0.16627764701843262,0.0,0,0,0.0,0.6260504201680672,0.7407407407407407
50,0.02059653401374817,0.02059653401374817,0.0,0,0,0.0,0.634453781512605,0.7407407407407407
51,0.027412742376327515,0.027412742376327515,0.0,0,0,0.0,0.6050420168067226,0.7037037037037037
52,0.12383338809013367,0.12383338809013367,0.0,0,0,0.0,0.6008403361344538,0.6296296296296297
53,0.0017585903406143188,0.0017585903406143188,0.0,0,0,0.0,0.5882352941176471,0.6296296296296297
54,0.045626260340213776,0.045626260340213776,0.0,0,0,0.0,0.5966386554621849,0.6296296296296297
55,0.10109075903892517,0.10109075903892517,0.0,0,0,0.0,0.6050420168067226,0.6296296296296297
56,0.11416563391685486,0.11416563391685486,0.0,0,0,0.0,0.6008403361344538,0.6666666666666666
57,0.03705746680498123,0.03705746680498123,0.0,0,0,0.0,0.6008403361344538,0.6296296296296297
58,0.06859993934631348,0.06859993934631348,0.0,0,0,0.0,0.6176470588235294,0.7037037037037037
59,0.06820876896381378,0.06820876896381378,0.0,0,0,0.0,0.6260504201680672,0.7037037037037037
60,0.1527024507522583,0.1527024507522583,0.0,0,0,0.0,0.6302521008403361,0.6296296296296297
61,0.21176137030124664,0.21176137030124664,0.0,0,0,0.0,0.6176470588235294,0.6666666666666666
62,0.17100468277931213,0.17100468277931213,0.0,0,0,0.0,0.634453781512605,0.6296296296296297
63,0.21195060014724731,0.21195060014724731,0.0,0,0,0.0,0.5966386554621849,0.6666666666666666
64,0.16858869791030884,0.16858869791030884,0.0,0,0,0.0,0.5966386554621849,0.6666666666666666
65,0.011874482035636902,0.011874482035636902,0.0,0,0,0.0,0.6008403361344538,0.6666666666666666
66,0.06980487704277039,0.06980487704277039,0.0,0,0,0.0,0.5882352941176471,0.7407407407407407
67,0.10513541102409363,0.10513541102409363,0.0,0,0,0.0,0.6008403361344538,0.7407407407407407
68,0.03154486417770386,0.03154486417770386,0.0,0,0,0.0,0.6050420168067226,0.7037037037037037
69,-0.08001640439033508,-0.08001640439033508,0.0,0,0,0.0,0.5966386554621849,0.7407407407407407
70,0.016179144382476807,0.016179144382476807,0.0,0,0,0.0,0.5840336134453782,0.7777777777777778
71,0.040579065680503845,0.040579065680503845,0.0,0,0,0.0,0.6050420168067226,0.7407407407407407
72,0.012795254588127136,0.012795254588127136,0.0,0,0,0.0,0.6176470588235294,0.7037037037037037
73,0.04939846694469452,0.04939846694469452,0.0,0,0,0.0,0.6176470588235294,0.8148148148148148
74,0.07184311747550964,0.07184311747550964,0.0,0,0,0.0,0.592436974789916,0.7777777777777778
75,0.11752989143133163,0.11752989143133163,0.0,0,0,0.0,0.5966386554621849,0.7777777777777778
76,0.07963204383850098,0.07963204383850098,0.0,0,0,0.0,0.5882352941176471,0.7407407407407407
77,0.10146364569664001,0.10146364569664001,0.0,0,0,0.0,0.5798319327731093,0.7777777777777778
78,0.024569585919380188,0.024569585919380188,0.0,0,0,0.0,0.592436974789916,0.7777777777777778
79,-0.005838856101036072,-0.005838856101036072,0.0,0,0,0.0,0.6092436974789915,0.7777777777777778
80,0.05569383502006531,0.05569383502006531,0.0,0,0,0.0,0.592436974789916,0.7777777777777778
81,0.05783204734325409,0.05783204734325409,0.0,0,0,0.0,0.6176470588235294,0.7407407407407407
82,0.10005244612693787,0.10005244612693787,0.0,0,0,0.0,0.6218487394957983,0.7777777777777778
83,0.0705912709236145,0.0705912709236145,0.0,0,0,0.0,0.6050420168067226,0.7777777777777778
84,-0.05165387690067291,-0.05165387690067291,0.0,0,0,0.0,0.6008403361344538,0.7407407407407407
85,-0.14843565225601196,-0.14843565225601196,0.0,0,0,0.0,0.6050420168067226,0.7407407407407407
86,-0.19143404066562653,-0.19143404066562653,0.0,0,0,0.0,0.6176470588235294,0.7407407407407407
87,-0.05686631798744202,-0.05686631798744202,0.0,0,0,0.0,0.6176470588235294,0.7407407407407407
88,-0.06520901620388031,-0.06520901620388031,0.0,0,0,0.0,0.592436974789916,0.7777777777777778
89,-0.05560937523841858,-0.05560937523841858,0.0,0,0,0.0,0.6218487394957983,0.8148148148148148
90,-0.07162956893444061,-0.07162956893444061,0.0,0,0,0.0,0.6260504201680672,0.7777777777777778
91,0.0355050265789032,0.0355050265789032,0.0,0,0,0.0,0.6260504201680672,0.7407407407407407
92,0.04768335446715355,0.04768335446715355,0.0,0,0,0.0,0.6512605042016807,0.7037037037037037
93,-0.038480065762996674,-0.038480065762996674,0.0,0,0,0.0,0.6260504201680672,0.6666666666666666
94,-0.17583425343036652,-0.17583425343036652,0.0,0,0,0.0,0.634453781512605,0.7037037037037037
95,-0.2452700287103653,-0.2452700287103653,0.0,0,0,0.0,0.6302521008403361,0.7037037037037037
96,-0.14985820651054382,-0.14985820651054382,0.0,0,0,0.0,0.6050420168067226,0.7777777777777778
97,-0.10312426090240479,-0.10312426090240479,0.0,0,0,0.0,0.6218487394957983,0.7407407407407407
98,-0.16270075738430023,-0.16270075738430023,0.0,0,0,0.0,0.6092436974789915,0.7407407407407407
99,-0.24302348494529724,-0.24302348494529724,0.0,0,0,0.0,0.6134453781512605,0.7407407407407407
0,0.566138744354248,0.566138744354248,0.0,0,0,0.0,0.6050420168067226,0.7037037037037037
1,-0.029585741460323334,-0.029585741460323334,0.0,0,0,0.0,0.5756302521008403,0.6666666666666666
2,-0.05016621947288513,-0.05016621947288513,0.0,0,0,0.0,0.5840336134453782,0.5555555555555556
3,-0.04741280525922775,-0.04741280525922775,0.0,0,0,0.0,0.592436974789916,0.6666666666666666
4,-0.05001724511384964,-0.05001724511384964,0.0,0,0,0.0,0.6050420168067226,0.6296296296296297
5,-0.06210644915699959,-0.06210644915699959,0.0,0,0,0.0,0.6428571428571429,0.5925925925925926
6,-0.062153398990631104,-0.062153398990631104,0.0,0,0,0.0,0.6134453781512605,0.7037037037037037
7,-0.06741087138652802,-0.06741087138652802,0.0,0,0,0.0,0.6176470588235294,0.7037037037037037
8,-0.08510784804821014,-0.08510784804821014,0.0,0,0,0.0,0.6176470588235294,0.6296296296296297
9,-0.10097101330757141,-0.10097101330757141,0.0,0,0,0.0,0.6176470588235294,0.6666666666666666
10,-0.1166473776102066,-0.1166473776102066,0.0,0,0,0.0,0.6428571428571429,0.6666666666666666
11,-0.10716191679239273,-0.10716191679239273,0.0,0,0,0.0,0.634453781512605,0.6666666666666666
12,-0.11708956956863403,-0.11708956956863403,0.0,0,0,0.0,0.6386554621848739,0.7037037037037037
13,-0.06793864071369171,-0.06793864071369171,0.0,0,0,0.0,0.6302521008403361,0.6666666666666666
14,-0.08375108242034912,-0.08375108242034912,0.0,0,0,0.0,0.6302521008403361,0.7037037037037037
15,-0.12125170230865479,-0.12125170230865479,0.0,0,0,0.0,0.6302521008403361,0.6296296296296297
16,-0.1267932802438736,-0.1267932802438736,0.0,0,0,0.0,0.634453781512605,0.6296296296296297
17,-0.10613389313220978,-0.10613389313220978,0.0,0,0,0.0,0.6218487394957983,0.6666666666666666
18,-0.16566519439220428,-0.16566519439220428,0.0,0,0,0.0,0.6260504201680672,0.6666666666666666
19,-0.19697266817092896,-0.19697266817092896,0.0,0,0,0.0,0.634453781512605,0.6666666666666666
20,-0.2128516137599945,-0.2128516137599945,0.0,0,0,0.0,0.6302521008403361,0.6666666666666666
21,-0.09595552086830139,-0.09595552086830139,0.0,0,0,0.0,0.6134453781512605,0.6666666666666666
22,-0.0013913288712501526,-0.0013913288712501526,0.0,0,0,0.0,0.6218487394957983,0.6296296296296297
23,-0.11875541508197784,-0.11875541508197784,0.0,0,0,0.0,0.6260504201680672,0.6296296296296297
24,-0.15234266221523285,-0.15234266221523285,0.0,0,0,0.0,0.6302521008403361,0.6296296296296297
25,-0.08447876572608948,-0.08447876572608948,0.0,0,0,0.0,0.6218487394957983,0.6296296296296297
26,0.13590385019779205,0.13590385019779205,0.0,0,0,0.0,0.6302521008403361,0.6296296296296297
27,0.28120356798171997,0.28120356798171997,0.0,0,0,0.0,0.634453781512605,0.6666666666666666
28,0.21935789287090302,0.21935789287090302,0.0,0,0,0.0,0.6260504201680672,0.6666666666666666
29,0.19971460103988647,0.19971460103988647,0.0,0,0,0.0,0.6470588235294118,0.6666666666666666
30,0.053216397762298584,0.053216397762298584,0.0,0,0,0.0,0.634453781512605,0.6666666666666666
31,0.10401949286460876,0.10401949286460876,0.0,0,0,0.0,0.6260504201680672,0.6296296296296297
32,0.20055639743804932,0.20055639743804932,0.0,0,0,0.0,0.6260504201680672,0.6296296296296297
33,0.15595175325870514,0.15595175325870514,0.0,0,0,0.0,0.6050420168067226,0.5925925925925926
34,0.09562499821186066,0.09562499821186066,0.0,0,0,0.0,0.6134453781512605,0.5925925925925926
35,0.12502849102020264,0.12502849102020264,0.0,0,0,0.0,0.6176470588235294,0.6296296296296297
36,0.033453017473220825,0.033453017473220825,0.0,0,0,0.0,0.6092436974789915,0.6666666666666666
37,-0.07115979492664337,-0.07115979492664337,0.0,0,0,0.0,0.6386554621848739,0.6296296296296297
38,-0.008959263563156128,-0.008959263563156128,0.0,0,0,0.0,0.6386554621848739,0.6296296296296297
39,0.08743533492088318,0.08743533492088318,0.0,0,0,0.0,0.6260504201680672,0.6666666666666666
40,0.12455932796001434,0.12455932796001434,0.0,0,0,0.0,0.6260504201680672,0.5555555555555556
41,0.08152763545513153,0.08152763545513153,0.0,0,0,0.0,0.6134453781512605,0.5925925925925926
42,-0.013528868556022644,-0.013528868556022644,0.0,0,0,0.0,0.6134453781512605,0.6296296296296297
43,-0.05887921154499054,-0.05887921154499054,0.0,0,0,0.0,0.6218487394957983,0.5925925925925926
44,-0.039413273334503174,-0.039413273334503174,0.0,0,0,0.0,0.6428571428571429,0.6296296296296297
45,-0.007185161113739014,-0.007185161113739014,0.0,0,0,0.0,0.6134453781512605,0.5925925925925926
46,0.021068081259727478,0.021068081259727478,0.0,0,0,0.0,0.5966386554621849,0.6296296296296297
47,0.12126727402210236,0.12126727402210236,0.0,0,0,0.0,0.6134453781512605,0.6296296296296297
48,-0.03210994601249695,-0.03210994601249695,0.0,0,0,0.0,0.6092436974789915,0.7037037037037037
49,-0.04532882571220398,-0.04532882571220398,0.0,0,0,0.0,0.6134453781512605,0.5925925925925926
50,0.08028998970985413,0.08028998970985413,0.0,0,0,0.0,0.6134453781512605,0.5185185185185185
51,0.007857084274291992,0.007857084274291992,0.0,0,0,0.0,0.6134453781512605,0.5925925925925926
52,0.02918112277984619,0.02918112277984619,0.0,0,0,0.0,0.634453781512605,0.5925925925925926
53,0.08863009512424469,0.08863009512424469,0.0,0,0,0.0,0.634453781512605,0.5925925925925926
54,-0.06298059225082397,-0.06298059225082397,0.0,0,0,0.0,0.634453781512605,0.5555555555555556
55,0.03915698826313019,0.03915698826313019,0.0,0,0,0.0,0.6176470588235294,0.6296296296296297
56,0.1477954387664795,0.1477954387664795,0.0,0,0,0.0,0.6050420168067226,0.5185185185185185
57,0.039412692189216614,0.039412692189216614,0.0,0,0,0.0,0.6176470588235294,0.5925925925925926
58,0.03129290044307709,0.03129290044307709,0.0,0,0,0.0,0.6386554621848739,0.5555555555555556
59,0.01075446605682373,0.01075446605682373,0.0,0,0,0.0,0.6302521008403361,0.5925925925925926
60,0.035821110010147095,0.035821110010147095,0.0,0,0,0.0,0.6008403361344538,0.5925925925925926
61,0.01529405266046524,0.01529405266046524,0.0,0,0,0.0,0.6008403361344538,0.5555555555555556
62,-0.009056299924850464,-0.009056299924850464,0.0,0,0,0.0,0.592436974789916,0.5555555555555556
63,-0.07298298180103302,-0.07298298180103302,0.0,0,0,0.0,0.5882352941176471,0.5555555555555556
64,-0.1436576098203659,-0.1436576098203659,0.0,0,0,0.0,0.6008403361344538,0.5185185185185185
65,-0.055256664752960205,-0.055256664752960205,0.0,0,0,0.0,0.592436974789916,0.5185185185185185
66,0.053119927644729614,0.053119927644729614,0.0,0,0,0.0,0.6008403361344538,0.5925925925925926
67,0.17089341580867767,0.17089341580867767,0.0,0,0,0.0,0.5756302521008403,0.5925925925925926
68,0.09755663573741913,0.09755663573741913,0.0,0,0,0.0,0.5714285714285714,0.5925925925925926
69,-0.023194145411252975,-0.023194145411252975,0.0,0,0,0.0,0.5714285714285714,0.5925925925925926
70,0.010118499398231506,0.010118499398231506,0.0,0,0,0.0,0.592436974789916,0.5925925925925926
71,0.07134416699409485,0.07134416699409485,0.0,0,0,0.0,0.5966386554621849,0.5925925925925926
72,-0.007447630167007446,-0.007447630167007446,0.0,0,0,0.0,0.5840336134453782,0.6666666666666666
73,-0.0354698970913887,-0.0354698970913887,0.0,0,0,0.0,0.5798319327731093,0.7037037037037037
74,-0.060507189482450485,-0.060507189482450485,0.0,0,0,0.0,0.5840336134453782,0.6666666666666666
75,-0.07299080491065979,-0.07299080491065979,0.0,0,0,0.0,0.5756302521008403,0.7037037037037037
76,-0.09748731553554535,-0.09748731553554535,0.0,0,0,0.0,0.5714285714285714,0.7037037037037037
77,-0.19252584874629974,-0.19252584874629974,0.0,0,0,0.0,0.5672268907563025,0.7037037037037037
78,-0.1240735724568367,-0.1240735724568367,0.0,0,0,0.0,0.5672268907563025,0.6666666666666666
79,0.09441564977169037,0.09441564977169037,0.0,0,0,0.0,0.5756302521008403,0.6666666666666666
80,0.2091600000858307,0.2091600000858307,0.0,0,0,0.0,0.5588235294117647,0.6296296296296297
81,0.08520437777042389,0.08520437777042389,0.0,0,0,0.0,0.5756302521008403,0.6296296296296297
82,-0.08762297034263611,-0.08762297034263611,0.0,0,0,0.0,0.5714285714285714,0.7037037037037037
83,-0.08521576225757599,-0.08521576225757599,0.0,0,0,0.0,0.5714285714285714,0.7037037037037037
84,-0.09034478664398193,-0.09034478664398193,0.0,0,0,0.0,0.5630252100840336,0.7037037037037037
85,-0.18857116997241974,-0.18857116997241974,0.0,0,0,0.0,0.5630252100840336,0.7037037037037037
86,-0.05314512178301811,-0.05314512178301811,0.0,0,0,0.0,0.5798319327731093,0.7037037037037037
87,0.11168497800827026,0.11168497800827026,0.0,0,0,0.0,0.5672268907563025,0.7037037037037037
88,0.06705507636070251,0.06705507636070251,0.0,0,0,0.0,0.5672268907563025,0.7407407407407407
89,-0.07974407821893692,-0.07974407821893692,0.0,0,0,0.0,0.5630252100840336,0.7777777777777778
90,-0.14643090963363647,-0.14643090963363647,0.0,0,0,0.0,0.5714285714285714,0.7407407407407407
91,-0.17398574948310852,-0.17398574948310852,0.0,0,0,0.0,0.5798319327731093,0.7037037037037037
92,-0.12264572083950043,-0.12264572083950043,0.0,0,0,0.0,0.5756302521008403,0.7037037037037037
93,0.010621488094329834,0.010621488094329834,0.0,0,0,0.0,0.5756302521008403,0.7407407407407407
94,0.03411082923412323,0.03411082923412323,0.0,0,0,0.0,0.5840336134453782,0.6666666666666666
95,-0.10912943631410599,-0.10912943631410599,0.0,0,0,0.0,0.5840336134453782,0.6666666666666666
96,-0.1147923618555069,-0.1147923618555069,0.0,0,0,0.0,0.5966386554621849,0.6666666666666666
97,-0.025755107402801514,-0.025755107402801514,0.0,0,0,0.0,0.5840336134453782,0.6666666666666666
98,-0.018655061721801758,-0.018655061721801758,0.0,0,0,0.0,0.5882352941176471,0.6296296296296297
99,-0.07460735738277435,-0.07460735738277435,0.0,0,0,0.0,0.5798319327731093,0.6666666666666666
0,17.659610748291016,17.659610748291016,0.0,0,0,0.0,0.6302521008403361,0.7777777777777778
1,0.1928897500038147,0.1928897500038147,0.0,0,0,0.0,0.6428571428571429,0.7777777777777778
2,-0.030872434377670288,-0.030872434377670288,0.0,0,0,0.0,0.6218487394957983,0.7777777777777778
3,-0.06892649084329605,-0.06892649084329605,0.0,0,0,0.0,0.6386554621848739,0.7037037037037037
4,-0.0618024580180645,-0.0618024580180645,0.0,0,0,0.0,0.6176470588235294,0.7407407407407407
5,-0.06388247013092041,-0.06388247013092041,0.0,0,0,0.0,0.6092436974789915,0.6666666666666666
6,-0.06989045441150665,-0.06989045441150665,0.0,0,0,0.0,0.6134453781512605,0.6296296296296297
7,-0.0800408124923706,-0.0800408124923706,0.0,0,0,0.0,0.6302521008403361,0.7037037037037037
8,-0.08766796439886093,-0.08766796439886093,0.0,0,0,0.0,0.634453781512605,0.7407407407407407
9,-0.10177188366651535,-0.10177188366651535,0.0,0,0,0.0,0.6218487394957983,0.6666666666666666
10,-0.1111147403717041,-0.1111147403717041,0.0,0,0,0.0,0.6428571428571429,0.5925925925925926
11,-0.1344304084777832,-0.1344304084777832,0.0,0,0,0.0,0.6386554621848739,0.5925925925925926
12,-0.1449110060930252,-0.1449110060930252,0.0,0,0,0.0,0.634453781512605,0.6666666666666666
13,-0.1331491470336914,-0.1331491470336914,0.0,0,0,0.0,0.6386554621848739,0.6296296296296297
14,-0.0827929824590683,-0.0827929824590683,0.0,0,0,0.0,0.6638655462184874,0.6666666666666666
15,-0.08782099187374115,-0.08782099187374115,0.0,0,0,0.0,0.6470588235294118,0.7037037037037037
16,-0.11430495977401733,-0.11430495977401733,0.0,0,0,0.0,0.6554621848739496,0.7037037037037037
17,-0.1578659862279892,-0.1578659862279892,0.0,0,0,0.0,0.6386554621848739,0.7037037037037037
18,-0.13423652946949005,-0.13423652946949005,0.0,0,0,0.0,0.6428571428571429,0.6666666666666666
19,-0.05737530440092087,-0.05737530440092087,0.0,0,0,0.0,0.6050420168067226,0.6666666666666666
20,-0.12794600427150726,-0.12794600427150726,0.0,0,0,0.0,0.6176470588235294,0.5555555555555556
21,-0.05464601516723633,-0.05464601516723633,0.0,0,0,0.0,0.6218487394957983,0.6666666666666666
22,0.04503771662712097,0.04503771662712097,0.0,0,0,0.0,0.6302521008403361,0.7777777777777778
23,0.005601726472377777,0.005601726472377777,0.0,0,0,0.0,0.6512605042016807,0.7777777777777778
24,-0.07930070161819458,-0.07930070161819458,0.0,0,0,0.0,0.6554621848739496,0.7777777777777778
25,-0.020738206803798676,-0.020738206803798676,0.0,0,0,0.0,0.6428571428571429,0.7407407407407407
26,-0.08728526532649994,-0.08728526532649994,0.0,0,0,0.0,0.634453781512605,0.7407407407407407
27,-0.017172425985336304,-0.017172425985336304,0.0,0,0,0.0,0.6428571428571429,0.7407407407407407
28,0.07907098531723022,0.07907098531723022,0.0,0,0,0.0,0.6512605042016807,0.7407407407407407
29,0.10246828198432922,0.10246828198432922,0.0,0,0,0.0,0.6596638655462185,0.7407407407407407
30,0.04780587553977966,0.04780587553977966,0.0,0,0,0.0,0.6512605042016807,0.7037037037037037
31,-0.024312257766723633,-0.024312257766723633,0.0,0,0,0.0,0.6428571428571429,0.7037037037037037
32,-0.02850550413131714,-0.02850550413131714,0.0,0,0,0.0,0.634453781512605,0.7407407407407407
33,0.06980408728122711,0.06980408728122711,0.0,0,0,0.0,0.6428571428571429,0.7407407407407407
34,-0.05121879279613495,-0.05121879279613495,0.0,0,0,0.0,0.634453781512605,0.7407407407407407
35,-0.09726369380950928,-0.09726369380950928,0.0,0,0,0.0,0.6176470588235294,0.7037037037037037
36,0.03418874740600586,0.03418874740600586,0.0,0,0,0.0,0.6386554621848739,0.7037037037037037
37,0.03348939120769501,0.03348939120769501,0.0,0,0,0.0,0.6386554621848739,0.7407407407407407
38,-0.04683210700750351,-0.04683210700750351,0.0,0,0,0.0,0.6512605042016807,0.7777777777777778
39,0.02292180247604847,0.02292180247604847,0.0,0,0,0.0,0.6302521008403361,0.7777777777777778
40,0.020939722657203674,0.020939722657203674,0.0,0,0,0.0,0.6386554621848739,0.7777777777777778
41,0.0714663416147232,0.0714663416147232,0.0,0,0,0.0,0.6092436974789915,0.8148148148148148
42,0.043328508734703064,0.043328508734703064,0.0,0,0,0.0,0.6302521008403361,0.7407407407407407
43,0.02903364598751068,0.02903364598751068,0.0,0,0,0.0,0.6050420168067226,0.7037037037037037
44,-0.06999032199382782,-0.06999032199382782,0.0,0,0,0.0,0.634453781512605,0.7777777777777778
45,-0.020644962787628174,-0.020644962787628174,0.0,0,0,0.0,0.6260504201680672,0.7407407407407407
46,-0.026481911540031433,-0.026481911540031433,0.0,0,0,0.0,0.6218487394957983,0.7777777777777778
47,-0.10388229042291641,-0.10388229042291641,0.0,0,0,0.0,0.6302521008403361,0.7037037037037037
48,-0.0918741300702095,-0.0918741300702095,0.0,0,0,0.0,0.6554621848739496,0.7407407407407407
49,-0.015963822603225708,-0.015963822603225708,0.0,0,0,0.0,0.6428571428571429,0.7407407407407407
50,-0.03932228684425354,-0.03932228684425354,0.0,0,0,0.0,0.6176470588235294,0.7407407407407407
51,-0.08317966759204865,-0.08317966759204865,0.0,0,0,0.0,0.6176470588235294,0.7037037037037037
52,-0.024903371930122375,-0.024903371930122375,0.0,0,0,0.0,0.6302521008403361,0.7777777777777778
53,0.13073937594890594,0.13073937594890594,0.0,0,0,0.0,0.6050420168067226,0.7037037037037037
54,0.08596061170101166,0.08596061170101166,0.0,0,0,0.0,0.6092436974789915,0.7407407407407407
55,-0.1458757072687149,-0.1458757072687149,0.0,0,0,0.0,0.6176470588235294,0.7037037037037037
56,-0.135328471660614,-0.135328471660614,0.0,0,0,0.0,0.6176470588235294,0.7037037037037037
57,-0.09708543121814728,-0.09708543121814728,0.0,0,0,0.0,0.6176470588235294,0.6666666666666666
58,-0.08472725749015808,-0.08472725749015808,0.0,0,0,0.0,0.6008403361344538,0.7777777777777778
59,-0.06332698464393616,-0.06332698464393616,0.0,0,0,0.0,0.5882352941176471,0.7407407407407407
60,-0.04890834912657738,-0.04890834912657738,0.0,0,0,0.0,0.5882352941176471,0.7777777777777778
61,-0.11048075556755066,-0.11048075556755066,0.0,0,0,0.0,0.6008403361344538,0.7777777777777778
62,-0.027569517493247986,-0.027569517493247986,0.0,0,0,0.0,0.6134453781512605,0.7777777777777778
63,-0.007383465766906738,-0.007383465766906738,0.0,0,0,0.0,0.6134453781512605,0.8148148148148148
64,-0.1996118724346161,-0.1996118724346161,0.0,0,0,0.0,0.634453781512605,0.7777777777777778
65,-0.07677966356277466,-0.07677966356277466,0.0,0,0,0.0,0.6260504201680672,0.7407407407407407
66,0.08931933343410492,0.08931933343410492,0.0,0,0,0.0,0.6176470588235294,0.7407407407407407
67,0.040319040417671204,0.040319040417671204,0.0,0,0,0.0,0.6092436974789915,0.7407407407407407
68,-0.0064252763986587524,-0.0064252763986587524,0.0,0,0,0.0,0.5882352941176471,0.7407407407407407
69,-0.14944905042648315,-0.14944905042648315,0.0,0,0,0.0,0.6008403361344538,0.7037037037037037
70,-0.23237231373786926,-0.23237231373786926,0.0,0,0,0.0,0.6176470588235294,0.6666666666666666
71,-0.08889167010784149,-0.08889167010784149,0.0,0,0,0.0,0.6176470588235294,0.7037037037037037
72,0.10819251835346222,0.10819251835346222,0.0,0,0,0.0,0.6008403361344538,0.7037037037037037
73,0.12978819012641907,0.12978819012641907,0.0,0,0,0.0,0.6050420168067226,0.6666666666666666
74,0.04080742970108986,0.04080742970108986,0.0,0,0,0.0,0.6050420168067226,0.6666666666666666
75,-0.20372095704078674,-0.20372095704078674,0.0,0,0,0.0,0.5966386554621849,0.6666666666666666
76,-0.17237317562103271,-0.17237317562103271,0.0,0,0,0.0,0.6008403361344538,0.7037037037037037
77,-0.01948133111000061,-0.01948133111000061,0.0,0,0,0.0,0.6092436974789915,0.7037037037037037
78,-0.0254497230052948,-0.0254497230052948,0.0,0,0,0.0,0.6092436974789915,0.7407407407407407
79,-0.10410518199205399,-0.10410518199205399,0.0,0,0,0.0,0.6008403361344538,0.7037037037037037
80,-0.12330155074596405,-0.12330155074596405,0.0,0,0,0.0,0.6050420168067226,0.7407407407407407
81,-0.06938111782073975,-0.06938111782073975,0.0,0,0,0.0,0.6050420168067226,0.7037037037037037
82,-0.090330570936203,-0.090330570936203,0.0,0,0,0.0,0.6218487394957983,0.7037037037037037
83,-0.18485437333583832,-0.18485437333583832,0.0,0,0,0.0,0.6260504201680672,0.7037037037037037
84,-0.09700490534305573,-0.09700490534305573,0.0,0,0,0.0,0.6050420168067226,0.7037037037037037
85,0.010931164026260376,0.010931164026260376,0.0,0,0,0.0,0.6050420168067226,0.6296296296296297
86,0.024648115038871765,0.024648115038871765,0.0,0,0,0.0,0.6092436974789915,0.7037037037037037
87,-0.053869664669036865,-0.053869664669036865,0.0,0,0,0.0,0.6218487394957983,0.6666666666666666
88,-0.07869333028793335,-0.07869333028793335,0.0,0,0,0.0,0.6260504201680672,0.7037037037037037
89,-0.1070595383644104,-0.1070595383644104,0.0,0,0,0.0,0.6386554621848739,0.6666666666666666
90,-0.18485355377197266,-0.18485355377197266,0.0,0,0,0.0,0.6134453781512605,0.6666666666666666
91,-0.21538391709327698,-0.21538391709327698,0.0,0,0,0.0,0.5966386554621849,0.6666666666666666
92,-0.16462677717208862,-0.16462677717208862,0.0,0,0,0.0,0.634453781512605,0.7037037037037037
93,-0.1232832670211792,-0.1232832670211792,0.0,0,0,0.0,0.634453781512605,0.6296296296296297
94,-0.08828544616699219,-0.08828544616699219,0.0,0,0,0.0,0.6470588235294118,0.7037037037037037
95,-0.1852899193763733,-0.1852899193763733,0.0,0,0,0.0,0.6428571428571429,0.7037037037037037
96,-0.1842886507511139,-0.1842886507511139,0.0,0,0,0.0,0.6512605042016807,0.7407407407407407
97,-0.220655620098114,-0.220655620098114,0.0,0,0,0.0,0.6512605042016807,0.7407407407407407
98,-0.21728581190109253,-0.21728581190109253,0.0,0,0,0.0,0.6554621848739496,0.7777777777777778
99,-0.07556293904781342,-0.07556293904781342,0.0,0,0,0.0,0.6512605042016807,0.6666666666666666
0,0.5585727691650391,0.5585727691650391,0.0,0,0,0.0,0.6386554621848739,0.7037037037037037
1,0.03906289115548134,0.03906289115548134,0.0,0,0,0.0,0.6386554621848739,0.6296296296296297
2,-0.0018019103445112705,-0.0018019103445112705,0.0,0,0,0.0,0.6260504201680672,0.6666666666666666
3,-0.031683746725320816,-0.031683746725320816,0.0,0,0,0.0,0.6176470588235294,0.6666666666666666
4,-0.04216434806585312,-0.04216434806585312,0.0,0,0,0.0,0.6008403361344538,0.6666666666666666
5,-0.05662082880735397,-0.05662082880735397,0.0,0,0,0.0,0.6428571428571429,0.7407407407407407
6,-0.062117088586091995,-0.062117088586091995,0.0,0,0,0.0,0.6386554621848739,0.7407407407407407
7,-0.04100753366947174,-0.04100753366947174,0.0,0,0,0.0,0.6134453781512605,0.6666666666666666
8,-0.05137914419174194,-0.05137914419174194,0.0,0,0,0.0,0.6176470588235294,0.7037037037037037
9,-0.08209282159805298,-0.08209282159805298,0.0,0,0,0.0,0.6176470588235294,0.6666666666666666
10,-0.06933124363422394,-0.06933124363422394,0.0,0,0,0.0,0.6176470588235294,0.6666666666666666
11,-0.02644747495651245,-0.02644747495651245,0.0,0,0,0.0,0.634453781512605,0.7037037037037037
12,0.005155473947525024,0.005155473947525024,0.0,0,0,0.0,0.6638655462184874,0.7407407407407407
13,0.015702366828918457,0.015702366828918457,0.0,0,0,0.0,0.6554621848739496,0.7407407407407407
14,0.013723626732826233,0.013723626732826233,0.0,0,0,0.0,0.6722689075630253,0.6666666666666666
15,-0.010368302464485168,-0.010368302464485168,0.0,0,0,0.0,0.680672268907563,0.7407407407407407
16,0.04023656249046326,0.04023656249046326,0.0,0,0,0.0,0.6680672268907563,0.7407407407407407
17,0.03055328130722046,0.03055328130722046,0.0,0,0,0.0,0.6638655462184874,0.7407407407407407
18,0.047701336443424225,0.047701336443424225,0.0,0,0,0.0,0.6512605042016807,0.7037037037037037
19,-0.06712499260902405,-0.06712499260902405,0.0,0,0,0.0,0.6512605042016807,0.6666666666666666
20,-0.18663470447063446,-0.18663470447063446,0.0,0,0,0.0,0.634453781512605,0.6666666666666666
21,-0.19751587510108948,-0.19751587510108948,0.0,0,0,0.0,0.634453781512605,0.7407407407407407
22,-0.11432533711194992,-0.11432533711194992,0.0,0,0,0.0,0.6428571428571429,0.6666666666666666
23,-0.05225314199924469,-0.05225314199924469,0.0,0,0,0.0,0.6554621848739496,0.6666666666666666
24,-0.10502929985523224,-0.10502929985523224,0.0,0,0,0.0,0.6764705882352942,0.6666666666666666
25,-0.10424000024795532,-0.10424000024795532,0.0,0,0,0.0,0.6428571428571429,0.7037037037037037
26,-0.09894712269306183,-0.09894712269306183,0.0,0,0,0.0,0.6470588235294118,0.7037037037037037
27,-0.13378271460533142,-0.13378271460533142,0.0,0,0,0.0,0.6596638655462185,0.7037037037037037
28,0.010664276778697968,0.010664276778697968,0.0,0,0,0.0,0.6470588235294118,0.6666666666666666
29,0.09420594573020935,0.09420594573020935,0.0,0,0,0.0,0.6512605042016807,0.6296296296296297
30,0.026360318064689636,0.026360318064689636,0.0,0,0,0.0,0.6260504201680672,0.7037037037037037
31,-0.10549240559339523,-0.10549240559339523,0.0,0,0,0.0,0.6260504201680672,0.6666666666666666
32,-0.20338162779808044,-0.20338162779808044,0.0,0,0,0.0,0.6092436974789915,0.6666666666666666
33,-0.19942821562290192,-0.19942821562290192,0.0,0,0,0.0,0.6134453781512605,0.6296296296296297
34,-0.10272815078496933,-0.10272815078496933,0.0,0,0,0.0,0.6134453781512605,0.6296296296296297
35,-0.07516941428184509,-0.07516941428184509,0.0,0,0,0.0,0.6092436974789915,0.7037037037037037
36,-0.09096185117959976,-0.09096185117959976,0.0,0,0,0.0,0.6218487394957983,0.7037037037037037
37,-0.09714777767658234,-0.09714777767658234,0.0,0,0,0.0,0.6092436974789915,0.7037037037037037
38,-0.14736433327198029,-0.14736433327198029,0.0,0,0,0.0,0.6134453781512605,0.6296296296296297
39,-0.10316716134548187,-0.10316716134548187,0.0,0,0,0.0,0.6134453781512605,0.7407407407407407
40,-0.10630999505519867,-0.10630999505519867,0.0,0,0,0.0,0.6008403361344538,0.6296296296296297
41,-0.22971795499324799,-0.22971795499324799,0.0,0,0,0.0,0.6302521008403361,0.7407407407407407
42,-0.09056234359741211,-0.09056234359741211,0.0,0,0,0.0,0.6260504201680672,0.6666666666666666
43,0.18338081240653992,0.18338081240653992,0.0,0,0,0.0,0.6218487394957983,0.7407407407407407
44,0.21273969113826752,0.21273969113826752,0.0,0,0,0.0,0.5966386554621849,0.6666666666666666
45,0.22510230541229248,0.22510230541229248,0.0,0,0,0.0,0.6050420168067226,0.7407407407407407
46,0.03759671747684479,0.03759671747684479,0.0,0,0,0.0,0.592436974789916,0.7777777777777778
47,-0.18657124042510986,-0.18657124042510986,0.0,0,0,0.0,0.5966386554621849,0.7777777777777778
48,-0.18114836513996124,-0.18114836513996124,0.0,0,0,0.0,0.5966386554621849,0.7037037037037037
49,-0.03131625056266785,-0.03131625056266785,0.0,0,0,0.0,0.6008403361344538,0.7037037037037037
50,0.025094594806432724,0.025094594806432724,0.0,0,0,0.0,0.6008403361344538,0.7037037037037037
51,0.04456596076488495,0.04456596076488495,0.0,0,0,0.0,0.5966386554621849,0.6666666666666666
52,0.020970076322555542,0.020970076322555542,0.0,0,0,0.0,0.6050420168067226,0.6666666666666666
53,0.010300397872924805,0.010300397872924805,0.0,0,0,0.0,0.6050420168067226,0.6666666666666666
54,-0.05466227978467941,-0.05466227978467941,0.0,0,0,0.0,0.5882352941176471,0.7037037037037037
55,-0.038145847618579865,-0.038145847618579865,0.0,0,0,0.0,0.592436974789916,0.6666666666666666
56,-0.01039239764213562,-0.01039239764213562,0.0,0,0,0.0,0.6008403361344538,0.7037037037037037
57,-0.12480004876852036,-0.12480004876852036,0.0,0,0,0.0,0.5798319327731093,0.5925925925925926
58,-0.16622240841388702,-0.16622240841388702,0.0,0,0,0.0,0.6050420168067226,0.7037037037037037
59,-0.09380874037742615,-0.09380874037742615,0.0,0,0,0.0,0.6050420168067226,0.7037037037037037
60,-0.04539351165294647,-0.04539351165294647,0.0,0,0,0.0,0.6134453781512605,0.7407407407407407
61,-0.08888226002454758,-0.08888226002454758,0.0,0,0,0.0,0.5966386554621849,0.7037037037037037
62,-0.14177142083644867,-0.14177142083644867,0.0,0,0,0.0,0.6008403361344538,0.7407407407407407
63,-0.10200734436511993,-0.10200734436511993,0.0,0,0,0.0,0.6176470588235294,0.8148148148148148
64,-0.10671849548816681,-0.10671849548816681,0.0,0,0,0.0,0.6176470588235294,0.8148148148148148
65,-0.06428566575050354,-0.06428566575050354,0.0,0,0,0.0,0.634453781512605,0.7407407407407407
66,-0.07380262017250061,-0.07380262017250061,0.0,0,0,0.0,0.6386554621848739,0.7407407407407407
67,-0.131522998213768,-0.131522998213768,0.0,0,0,0.0,0.6386554621848739,0.6666666666666666
68,0.013859309256076813,0.013859309256076813,0.0,0,0,0.0,0.6428571428571429,0.6666666666666666
69,0.09976055473089218,0.09976055473089218,0.0,0,0,0.0,0.6386554621848739,0.6296296296296297
70,0.010361984372138977,0.010361984372138977,0.0,0,0,0.0,0.634453781512605,0.6666666666666666
71,-0.06844843178987503,-0.06844843178987503,0.0,0,0,0.0,0.6218487394957983,0.6666666666666666
72,-0.14591342210769653,-0.14591342210769653,0.0,0,0,0.0,0.6092436974789915,0.7037037037037037
73,-0.03198404610157013,-0.03198404610157013,0.0,0,0,0.0,0.6218487394957983,0.7037037037037037
74,-0.008594483137130737,-0.008594483137130737,0.0,0,0,0.0,0.6260504201680672,0.6666666666666666
75,-0.14232541620731354,-0.14232541620731354,0.0,0,0,0.0,0.6302521008403361,0.7407407407407407
76,-0.13431543111801147,-0.13431543111801147,0.0,0,0,0.0,0.6386554621848739,0.6666666666666666
77,-0.04939357936382294,-0.04939357936382294,0.0,0,0,0.0,0.6302521008403361,0.7037037037037037
78,-0.0851503312587738,-0.0851503312587738,0.0,0,0,0.0,0.6302521008403361,0.7777777777777778
79,-0.09542115032672882,-0.09542115032672882,0.0,0,0,0.0,0.634453781512605,0.7037037037037037
80,-0.14828795194625854,-0.14828795194625854,0.0,0,0,0.0,0.6302521008403361,0.7777777777777778
81,-0.16811497509479523,-0.16811497509479523,0.0,0,0,0.0,0.6260504201680672,0.7407407407407407
82,-0.19039303064346313,-0.19039303064346313,0.0,0,0,0.0,0.6260504201680672,0.7407407407407407
83,-0.20736859738826752,-0.20736859738826752,0.0,0,0,0.0,0.6050420168067226,0.7407407407407407
84,-0.19168084859848022,-0.19168084859848022,0.0,0,0,0.0,0.6176470588235294,0.7407407407407407
85,-0.12655550241470337,-0.12655550241470337,0.0,0,0,0.0,0.6260504201680672,0.7407407407407407
86,-0.10078854113817215,-0.10078854113817215,0.0,0,0,0.0,0.6260504201680672,0.7777777777777778
87,-0.1901068091392517,-0.1901068091392517,0.0,0,0,0.0,0.6260504201680672,0.7407407407407407
88,-0.07098762691020966,-0.07098762691020966,0.0,0,0,0.0,0.6134453781512605,0.7407407407407407
89,-0.14241108298301697,-0.14241108298301697,0.0,0,0,0.0,0.6050420168067226,0.7777777777777778
90,-0.20218892395496368,-0.20218892395496368,0.0,0,0,0.0,0.6218487394957983,0.7037037037037037
91,-0.2666659951210022,-0.2666659951210022,0.0,0,0,0.0,0.6260504201680672,0.7777777777777778
92,-0.28583115339279175,-0.28583115339279175,0.0,0,0,0.0,0.6386554621848739,0.7777777777777778
93,-0.2956979274749756,-0.2956979274749756,0.0,0,0,0.0,0.6260504201680672,0.7777777777777778
94,-0.14322055876255035,-0.14322055876255035,0.0,0,0,0.0,0.6512605042016807,0.7777777777777778
95,-0.04558821767568588,-0.04558821767568588,0.0,0,0,0.0,0.6260504201680672,0.7777777777777778
96,-0.028853511437773705,-0.028853511437773705,0.0,0,0,0.0,0.6386554621848739,0.7777777777777778
97,-0.15211251378059387,-0.15211251378059387,0.0,0,0,0.0,0.6386554621848739,0.7777777777777778
98,-0.14561787247657776,-0.14561787247657776,0.0,0,0,0.0,0.6386554621848739,0.7037037037037037
99,-0.26272550225257874,-0.26272550225257874,0.0,0,0,0.0,0.6260504201680672,0.7407407407407407
0,7.009904861450195,7.009904861450195,0.0,0,0,0.0,0.6134453781512605,0.6666666666666666
1,0.21124689280986786,0.21124689280986786,0.0,0,0,0.0,0.6218487394957983,0.7037037037037037
2,-0.013963006436824799,-0.013963006436824799,0.0,0,0,0.0,0.6176470588235294,0.6666666666666666
3,-0.02906026691198349,-0.02906026691198349,0.0,0,0,0.0,0.6386554621848739,0.6666666666666666
4,-0.03538515418767929,-0.03538515418767929,0.0,0,0,0.0,0.6092436974789915,0.6296296296296297
5,-0.06010600924491882,-0.06010600924491882,0.0,0,0,0.0,0.6134453781512605,0.6296296296296297
6,-0.07408788800239563,-0.07408788800239563,0.0,0,0,0.0,0.6050420168067226,0.6296296296296297
7,-0.07786794006824493,-0.07786794006824493,0.0,0,0,0.0,0.6302521008403361,0.6666666666666666
8,-0.026311533525586128,-0.026311533525586128,0.0,0,0,0.0,0.6428571428571429,0.6296296296296297
9,0.01709083467721939,0.01709083467721939,0.0,0,0,0.0,0.6260504201680672,0.6296296296296297
10,-0.0016967058181762695,-0.0016967058181762695,0.0,0,0,0.0,0.6302521008403361,0.5925925925925926
11,0.01923459768295288,0.01923459768295288,0.0,0,0,0.0,0.6260504201680672,0.6296296296296297
12,0.0031467080116271973,0.0031467080116271973,0.0,0,0,0.0,0.6302521008403361,0.6666666666666666
13,0.016033247113227844,0.016033247113227844,0.0,0,0,0.0,0.6470588235294118,0.5925925925925926
14,0.03450952470302582,0.03450952470302582,0.0,0,0,0.0,0.6302521008403361,0.5555555555555556
15,0.020824044942855835,0.020824044942855835,0.0,0,0,0.0,0.6050420168067226,0.5555555555555556
16,-0.06887443363666534,-0.06887443363666534,0.0,0,0,0.0,0.6302521008403361,0.5555555555555556
17,-0.0982864648103714,-0.0982864648103714,0.0,0,0,0.0,0.6302521008403361,0.5925925925925926
18,-0.09207883477210999,-0.09207883477210999,0.0,0,0,0.0,0.6386554621848739,0.7407407407407407
19,-0.14670339226722717,-0.14670339226722717,0.0,0,0,0.0,0.6176470588235294,0.6296296296296297
20,-0.16415882110595703,-0.16415882110595703,0.0,0,0,0.0,0.5840336134453782,0.6666666666666666
21,-0.15326204895973206,-0.15326204895973206,0.0,0,0,0.0,0.5756302521008403,0.7037037037037037
22,-0.15754768252372742,-0.15754768252372742,0.0,0,0,0.0,0.6176470588235294,0.6666666666666666
23,-0.14180341362953186,-0.14180341362953186,0.0,0,0,0.0,0.6092436974789915,0.7407407407407407
24,-0.200308158993721,-0.200308158993721,0.0,0,0,0.0,0.6386554621848739,0.7037037037037037
25,-0.18210643529891968,-0.18210643529891968,0.0,0,0,0.0,0.6386554621848739,0.6666666666666666
26,-0.028181329369544983,-0.028181329369544983,0.0,0,0,0.0,0.6134453781512605,0.7037037037037037
27,0.02168487012386322,0.02168487012386322,0.0,0,0,0.0,0.6050420168067226,0.7037037037037037
28,0.026884377002716064,0.026884377002716064,0.0,0,0,0.0,0.634453781512605,0.7037037037037037
29,-0.12417776137590408,-0.12417776137590408,0.0,0,0,0.0,0.6470588235294118,0.7037037037037037
30,-0.03624480962753296,-0.03624480962753296,0.0,0,0,0.0,0.6386554621848739,0.7037037037037037
31,0.06809689849615097,0.06809689849615097,0.0,0,0,0.0,0.634453781512605,0.7037037037037037
32,0.025716237723827362,0.025716237723827362,0.0,0,0,0.0,0.6428571428571429,0.7407407407407407
33,-0.023588761687278748,-0.023588761687278748,0.0,0,0,0.0,0.634453781512605,0.7407407407407407
34,0.06633317470550537,0.06633317470550537,0.0,0,0,0.0,0.6386554621848739,0.7037037037037037
35,-0.05744844675064087,-0.05744844675064087,0.0,0,0,0.0,0.6386554621848739,0.7407407407407407
36,-0.059400469064712524,-0.059400469064712524,0.0,0,0,0.0,0.6302521008403361,0.7777777777777778
37,-0.06864887475967407,-0.06864887475967407,0.0,0,0,0.0,0.6218487394957983,0.7407407407407407
38,-0.1378948986530304,-0.1378948986530304,0.0,0,0,0.0,0.6218487394957983,0.6296296296296297
39,-0.1629645824432373,-0.1629645824432373,0.0,0,0,0.0,0.6218487394957983,0.6296296296296297
40,-0.08121505379676819,-0.08121505379676819,0.0,0,0,0.0,0.6176470588235294,0.7407407407407407
41,0.007010355591773987,0.007010355591773987,0.0,0,0,0.0,0.6302521008403361,0.7407407407407407
42,-0.04111592471599579,-0.04111592471599579,0.0,0,0,0.0,0.6302521008403361,0.6666666666666666
43,-0.1373894363641739,-0.1373894363641739,0.0,0,0,0.0,0.6470588235294118,0.6666666666666666
44,-0.1638563871383667,-0.1638563871383667,0.0,0,0,0.0,0.6470588235294118,0.6666666666666666
45,-0.07740607857704163,-0.07740607857704163,0.0,0,0,0.0,0.6218487394957983,0.5925925925925926
46,0.0225383210927248,0.0225383210927248,0.0,0,0,0.0,0.6386554621848739,0.6666666666666666
47,0.09600917994976044,0.09600917994976044,0.0,0,0,0.0,0.6428571428571429,0.5925925925925926
48,0.0550999790430069,0.0550999790430069,0.0,0,0,0.0,0.6050420168067226,0.5925925925925926
49,-0.0012214407324790955,-0.0012214407324790955,0.0,0,0,0.0,0.6134453781512605,0.6296296296296297
50,-0.0847046747803688,-0.0847046747803688,0.0,0,0,0.0,0.6218487394957983,0.6666666666666666
51,-0.1231764554977417,-0.1231764554977417,0.0,0,0,0.0,0.6176470588235294,0.6666666666666666
52,-0.16643577814102173,-0.16643577814102173,0.0,0,0,0.0,0.6260504201680672,0.7037037037037037
53,-0.10478510707616806,-0.10478510707616806,0.0,0,0,0.0,0.6218487394957983,0.7037037037037037
54,-0.03738272190093994,-0.03738272190093994,0.0,0,0,0.0,0.634453781512605,0.7407407407407407
55,0.038260430097579956,0.038260430097579956,0.0,0,0,0.0,0.6386554621848739,0.6666666666666666
56,0.012939482927322388,0.012939482927322388,0.0,0,0,0.0,0.6386554621848739,0.6666666666666666
57,0.09128771722316742,0.09128771722316742,0.0,0,0,0.0,0.6512605042016807,0.6666666666666666
58,0.02212238311767578,0.02212238311767578,0.0,0,0,0.0,0.6386554621848739,0.6666666666666666
59,0.0008449330925941467,0.0008449330925941467,0.0,0,0,0.0,0.634453781512605,0.6666666666666666
60,0.13026320934295654,0.13026320934295654,0.0,0,0,0.0,0.6428571428571429,0.6296296296296297
61,0.08361305296421051,0.08361305296421051,0.0,0,0,0.0,0.6386554621848739,0.6296296296296297
62,-0.04325387626886368,-0.04325387626886368,0.0,0,0,0.0,0.6470588235294118,0.6666666666666666
63,0.08359678834676743,0.08359678834676743,0.0,0,0,0.0,0.6512605042016807,0.6296296296296297
64,0.09930422902107239,0.09930422902107239,0.0,0,0,0.0,0.6470588235294118,0.6666666666666666
65,-0.030037594959139824,-0.030037594959139824,0.0,0,0,0.0,0.6386554621848739,0.6296296296296297
66,0.029309019446372986,0.029309019446372986,0.0,0,0,0.0,0.6470588235294118,0.6666666666666666
67,0.07606988400220871,0.07606988400220871,0.0,0,0,0.0,0.6512605042016807,0.6296296296296297
68,-0.0693354681134224,-0.0693354681134224,0.0,0,0,0.0,0.6470588235294118,0.6666666666666666
69,-0.10620833933353424,-0.10620833933353424,0.0,0,0,0.0,0.6386554621848739,0.6666666666666666
70,-0.022728294134140015,-0.022728294134140015,0.0,0,0,0.0,0.6260504201680672,0.6296296296296297
71,-0.07871522009372711,-0.07871522009372711,0.0,0,0,0.0,0.6428571428571429,0.7037037037037037
72,-0.17686237394809723,-0.17686237394809723,0.0,0,0,0.0,0.6554621848739496,0.6666666666666666
73,-0.1474076807498932,-0.1474076807498932,0.0,0,0,0.0,0.6386554621848739,0.6296296296296297
74,-0.11418469250202179,-0.11418469250202179,0.0,0,0,0.0,0.6428571428571429,0.6296296296296297
75,-0.2657959461212158,-0.2657959461212158,0.0,0,0,0.0,0.6428571428571429,0.5925925925925926
76,-0.28729546070098877,-0.28729546070098877,0.0,0,0,0.0,0.634453781512605,0.5925925925925926
77,-0.10473591089248657,-0.10473591089248657,0.0,0,0,0.0,0.6512605042016807,0.5925925925925926
78,-0.1272067427635193,-0.1272067427635193,0.0,0,0,0.0,0.6638655462184874,0.6296296296296297
79,0.04752369225025177,0.04752369225025177,0.0,0,0,0.0,0.6722689075630253,0.5925925925925926
80,0.14220480620861053,0.14220480620861053,0.0,0,0,0.0,0.6764705882352942,0.5925925925925926
81,0.07892677187919617,0.07892677187919617,0.0,0,0,0.0,0.6680672268907563,0.5555555555555556
82,0.008365916088223457,0.008365916088223457,0.0,0,0,0.0,0.6764705882352942,0.5925925925925926
83,-0.07986016571521759,-0.07986016571521759,0.0,0,0,0.0,0.6680672268907563,0.5925925925925926
84,-0.05489914119243622,-0.05489914119243622,0.0,0,0,0.0,0.6680672268907563,0.5925925925925926
85,-0.008230715990066528,-0.008230715990066528,0.0,0,0,0.0,0.6638655462184874,0.5925925925925926
86,-0.09292948246002197,-0.09292948246002197,0.0,0,0,0.0,0.6638655462184874,0.6296296296296297
87,-0.10277526080608368,-0.10277526080608368,0.0,0,0,0.0,0.6722689075630253,0.6296296296296297
88,-0.2046564668416977,-0.2046564668416977,0.0,0,0,0.0,0.6512605042016807,0.6296296296296297
89,-0.2776342034339905,-0.2776342034339905,0.0,0,0,0.0,0.6512605042016807,0.5925925925925926
90,-0.27419131994247437,-0.27419131994247437,0.0,0,0,0.0,0.6554621848739496,0.6666666666666666
91,-0.2310696542263031,-0.2310696542263031,0.0,0,0,0.0,0.6386554621848739,0.7037037037037037
92,-0.2135232836008072,-0.2135232836008072,0.0,0,0,0.0,0.6512605042016807,0.6666666666666666
93,-0.26088017225265503,-0.26088017225265503,0.0,0,0,0.0,0.634453781512605,0.7037037037037037
94,-0.1312687247991562,-0.1312687247991562,0.0,0,0,0.0,0.6218487394957983,0.7037037037037037
95,0.06086655706167221,0.06086655706167221,0.0,0,0,0.0,0.6176470588235294,0.6666666666666666
96,0.109071284532547,0.109071284532547,0.0,0,0,0.0,0.6092436974789915,0.7037037037037037
97,-0.10675793141126633,-0.10675793141126633,0.0,0,0,0.0,0.6218487394957983,0.6666666666666666
0,7.225640296936035,7.225640296936035,0.0,0,0,0.0,0.6848739495798319,0.6666666666666666
1,0.004969190806150436,0.004969190806150436,0.0,0,0,0.0,0.6596638655462185,0.7037037037037037
2,0.011163273826241493,0.011163273826241493,0.0,0,0,0.0,0.6680672268907563,0.7037037037037037
3,-0.038101449608802795,-0.038101449608802795,0.0,0,0,0.0,0.6722689075630253,0.6296296296296297
4,-0.05279085040092468,-0.05279085040092468,0.0,0,0,0.0,0.6722689075630253,0.6296296296296297
5,-0.0709683895111084,-0.0709683895111084,0.0,0,0,0.0,0.6764705882352942,0.6296296296296297
6,-0.08537591248750687,-0.08537591248750687,0.0,0,0,0.0,0.6722689075630253,0.6666666666666666
7,-0.05101347714662552,-0.05101347714662552,0.0,0,0,0.0,0.6638655462184874,0.6666666666666666
8,-0.035211626440286636,-0.035211626440286636,0.0,0,0,0.0,0.6680672268907563,0.6296296296296297
9,-0.08651053160429001,-0.08651053160429001,0.0,0,0,0.0,0.6764705882352942,0.6666666666666666
10,-0.10655717551708221,-0.10655717551708221,0.0,0,0,0.0,0.6932773109243697,0.6296296296296297
11,-0.13072675466537476,-0.13072675466537476,0.0,0,0,0.0,0.7016806722689075,0.6296296296296297
12,-0.136489599943161,-0.136489599943161,0.0,0,0,0.0,0.6764705882352942,0.6296296296296297
13,-0.033606283366680145,-0.033606283366680145,0.0,0,0,0.0,0.6974789915966386,0.6666666666666666
14,-0.06750160455703735,-0.06750160455703735,0.0,0,0,0.0,0.6596638655462185,0.5555555555555556
15,-0.13531890511512756,-0.13531890511512756,0.0,0,0,0.0,0.6848739495798319,0.6296296296296297
16,-0.1728067696094513,-0.1728067696094513,0.0,0,0,0.0,0.6848739495798319,0.6666666666666666
17,-0.19357141852378845,-0.19357141852378845,0.0,0,0,0.0,0.6596638655462185,0.6296296296296297
18,-0.11137062311172485,-0.11137062311172485,0.0,0,0,0.0,0.6428571428571429,0.7037037037037037
19,-0.03949432075023651,-0.03949432075023651,0.0,0,0,0.0,0.6428571428571429,0.6666666666666666
20,-0.12107840925455093,-0.12107840925455093,0.0,0,0,0.0,0.6050420168067226,0.7407407407407407
21,-0.13431710004806519,-0.13431710004806519,0.0,0,0,0.0,0.6176470588235294,0.7777777777777778
22,-0.032435521483421326,-0.032435521483421326,0.0,0,0,0.0,0.634453781512605,0.7407407407407407
23,0.06120426952838898,0.06120426952838898,0.0,0,0,0.0,0.634453781512605,0.7407407407407407
24,-0.04267434775829315,-0.04267434775829315,0.0,0,0,0.0,0.6260504201680672,0.6296296296296297
25,-0.19155080616474152,-0.19155080616474152,0.0,0,0,0.0,0.6008403361344538,0.7407407407407407
26,-0.12483245134353638,-0.12483245134353638,0.0,0,0,0.0,0.6092436974789915,0.7037037037037037
27,0.012102335691452026,0.012102335691452026,0.0,0,0,0.0,0.6008403361344538,0.7037037037037037
28,0.11416459083557129,0.11416459083557129,0.0,0,0,0.0,0.5966386554621849,0.6666666666666666
29,0.02403499186038971,0.02403499186038971,0.0,0,0,0.0,0.6260504201680672,0.6666666666666666
30,0.17077448964118958,0.17077448964118958,0.0,0,0,0.0,0.6470588235294118,0.6666666666666666
31,0.2164253145456314,0.2164253145456314,0.0,0,0,0.0,0.6302521008403361,0.6296296296296297
32,0.08488988876342773,0.08488988876342773,0.0,0,0,0.0,0.6134453781512605,0.6666666666666666
33,0.057712286710739136,0.057712286710739136,0.0,0,0,0.0,0.6134453781512605,0.6296296296296297
34,0.0033565163612365723,0.0033565163612365723,0.0,0,0,0.0,0.6218487394957983,0.6666666666666666
35,0.04899078607559204,0.04899078607559204,0.0,0,0,0.0,0.6092436974789915,0.6296296296296297
36,0.19809941947460175,0.19809941947460175,0.0,0,0,0.0,0.6386554621848739,0.5925925925925926
37,0.28327351808547974,0.28327351808547974,0.0,0,0,0.0,0.6050420168067226,0.6296296296296297
38,0.17588147521018982,0.17588147521018982,0.0,0,0,0.0,0.6176470588235294,0.6296296296296297
39,0.04305153340101242,0.04305153340101242,0.0,0,0,0.0,0.592436974789916,0.5925925925925926
40,0.008522272109985352,0.008522272109985352,0.0,0,0,0.0,0.5966386554621849,0.6296296296296297
41,-0.037907183170318604,-0.037907183170318604,0.0,0,0,0.0,0.6050420168067226,0.6296296296296297
42,0.0524844229221344,0.0524844229221344,0.0,0,0,0.0,0.6218487394957983,0.6666666666666666
43,0.053823068737983704,0.053823068737983704,0.0,0,0,0.0,0.6008403361344538,0.6666666666666666
44,-0.01715514063835144,-0.01715514063835144,0.0,0,0,0.0,0.6260504201680672,0.6666666666666666
45,0.04104208946228027,0.04104208946228027,0.0,0,0,0.0,0.6302521008403361,0.7407407407407407
46,0.08692380785942078,0.08692380785942078,0.0,0,0,0.0,0.6218487394957983,0.7037037037037037
47,0.0014899969100952148,0.0014899969100952148,0.0,0,0,0.0,0.6092436974789915,0.7407407407407407
48,-0.050691694021224976,-0.050691694021224976,0.0,0,0,0.0,0.6008403361344538,0.8148148148148148
49,0.058662354946136475,0.058662354946136475,0.0,0,0,0.0,0.5966386554621849,0.7777777777777778
50,-0.0023280009627342224,-0.0023280009627342224,0.0,0,0,0.0,0.592436974789916,0.7777777777777778
51,0.14716508984565735,0.14716508984565735,0.0,0,0,0.0,0.5966386554621849,0.7777777777777778
52,0.1703624129295349,0.1703624129295349,0.0,0,0,0.0,0.6218487394957983,0.7037037037037037
53,0.08474452048540115,0.08474452048540115,0.0,0,0,0.0,0.5966386554621849,0.7037037037037037
54,0.028075911104679108,0.028075911104679108,0.0,0,0,0.0,0.5840336134453782,0.6666666666666666
55,-0.08061628043651581,-0.08061628043651581,0.0,0,0,0.0,0.5840336134453782,0.6666666666666666
56,-0.1400195062160492,-0.1400195062160492,0.0,0,0,0.0,0.5840336134453782,0.7037037037037037
57,0.0063669681549072266,0.0063669681549072266,0.0,0,0,0.0,0.592436974789916,0.7037037037037037
58,0.017890334129333496,0.017890334129333496,0.0,0,0,0.0,0.6008403361344538,0.7037037037037037
59,0.0704258382320404,0.0704258382320404,0.0,0,0,0.0,0.6260504201680672,0.6666666666666666
60,0.13416698575019836,0.13416698575019836,0.0,0,0,0.0,0.6260504201680672,0.7037037037037037
61,0.014462724328041077,0.014462724328041077,0.0,0,0,0.0,0.6260504201680672,0.7407407407407407
62,-0.0849895030260086,-0.0849895030260086,0.0,0,0,0.0,0.6176470588235294,0.7037037037037037
63,-0.17865879833698273,-0.17865879833698273,0.0,0,0,0.0,0.6218487394957983,0.7037037037037037
64,-0.1970517784357071,-0.1970517784357071,0.0,0,0,0.0,0.6260504201680672,0.7037037037037037
65,-0.18849362432956696,-0.18849362432956696,0.0,0,0,0.0,0.6302521008403361,0.7037037037037037
66,-0.19824320077896118,-0.19824320077896118,0.0,0,0,0.0,0.634453781512605,0.7037037037037037
67,-0.04837656021118164,-0.04837656021118164,0.0,0,0,0.0,0.6302521008403361,0.7037037037037037
68,0.03425402194261551,0.03425402194261551,0.0,0,0,0.0,0.6218487394957983,0.7777777777777778
69,-0.15839138627052307,-0.15839138627052307,0.0,0,0,0.0,0.6386554621848739,0.6666666666666666
70,-0.23530232906341553,-0.23530232906341553,0.0,0,0,0.0,0.6176470588235294,0.7777777777777778
71,-0.14665399491786957,-0.14665399491786957,0.0,0,0,0.0,0.6050420168067226,0.6666666666666666
72,-0.08228330314159393,-0.08228330314159393,0.0,0,0,0.0,0.6218487394957983,0.6666666666666666
73,0.05962410569190979,0.05962410569190979,0.0,0,0,0.0,0.6176470588235294,0.7407407407407407
74,0.18733645975589752,0.18733645975589752,0.0,0,0,0.0,0.6176470588235294,0.6666666666666666
75,0.21205228567123413,0.21205228567123413,0.0,0,0,0.0,0.634453781512605,0.7407407407407407
76,0.12168289721012115,0.12168289721012115,0.0,0,0,0.0,0.6302521008403361,0.7037037037037037
77,-0.035101018846035004,-0.035101018846035004,0.0,0,0,0.0,0.634453781512605,0.6296296296296297
78,-0.15114131569862366,-0.15114131569862366,0.0,0,0,0.0,0.6260504201680672,0.6296296296296297
79,-0.13110007345676422,-0.13110007345676422,0.0,0,0,0.0,0.6134453781512605,0.6296296296296297
80,-0.048633821308612823,-0.048633821308612823,0.0,0,0,0.0,0.6134453781512605,0.6666666666666666
81,0.0032853749580681324,0.0032853749580681324,0.0,0,0,0.0,0.6134453781512605,0.7037037037037037
82,0.18250855803489685,0.18250855803489685,0.0,0,0,0.0,0.6218487394957983,0.7407407407407407
83,0.1219528317451477,0.1219528317451477,0.0,0,0,0.0,0.6386554621848739,0.7037037037037037
84,-0.029937155544757843,-0.029937155544757843,0.0,0,0,0.0,0.6218487394957983,0.7037037037037037
85,-0.0898844301700592,-0.0898844301700592,0.0,0,0,0.0,0.6218487394957983,0.7037037037037037
86,-0.1508275270462036,-0.1508275270462036,0.0,0,0,0.0,0.6218487394957983,0.6666666666666666
87,-0.15906941890716553,-0.15906941890716553,0.0,0,0,0.0,0.6218487394957983,0.7037037037037037
88,-0.07384349405765533,-0.07384349405765533,0.0,0,0,0.0,0.6302521008403361,0.7407407407407407
89,-0.04726794362068176,-0.04726794362068176,0.0,0,0,0.0,0.6386554621848739,0.7037037037037037
90,-0.1323714405298233,-0.1323714405298233,0.0,0,0,0.0,0.6218487394957983,0.7407407407407407
91,-0.04760506749153137,-0.04760506749153137,0.0,0,0,0.0,0.6176470588235294,0.7407407407407407
92,-0.10450892895460129,-0.10450892895460129,0.0,0,0,0.0,0.6176470588235294,0.7777777777777778
93,-0.1368670016527176,-0.1368670016527176,0.0,0,0,0.0,0.6176470588235294,0.7777777777777778
94,-0.1682257503271103,-0.1682257503271103,0.0,0,0,0.0,0.6218487394957983,0.8148148148148148
95,-0.054887838661670685,-0.054887838661670685,0.0,0,0,0.0,0.6092436974789915,0.6666666666666666
96,-0.17547106742858887,-0.17547106742858887,0.0,0,0,0.0,0.6092436974789915,0.7777777777777778
97,-0.2134629786014557,-0.2134629786014557,0.0,0,0,0.0,0.6092436974789915,0.8148148148148148
98,-0.1854291558265686,-0.1854291558265686,0.0,0,0,0.0,0.6008403361344538,0.7777777777777778
99,-0.1858009696006775,-0.1858009696006775,0.0,0,0,0.0,0.6050420168067226,0.7777777777777778
0,16.06473731994629,16.06473731994629,0.0,0,0,0.0,0.6134453781512605,0.6666666666666666
1,0.22983317077159882,0.22983317077159882,0.0,0,0,0.0,0.6092436974789915,0.5925925925925926
2,-0.028587207198143005,-0.028587207198143005,0.0,0,0,0.0,0.5882352941176471,0.7037037037037037
3,-0.06367865204811096,-0.06367865204811096,0.0,0,0,0.0,0.6218487394957983,0.7407407407407407
4,-0.05953603982925415,-0.05953603982925415,0.0,0,0,0.0,0.634453781512605,0.6666666666666666
5,-0.07086844742298126,-0.07086844742298126,0.0,0,0,0.0,0.6260504201680672,0.6296296296296297
6,-0.07781019806861877,-0.07781019806861877,0.0,0,0,0.0,0.6512605042016807,0.7037037037037037
7,-0.07251816987991333,-0.07251816987991333,0.0,0,0,0.0,0.6134453781512605,0.5555555555555556
8,-0.06959451735019684,-0.06959451735019684,0.0,0,0,0.0,0.6134453781512605,0.5925925925925926
9,-0.10595035552978516,-0.10595035552978516,0.0,0,0,0.0,0.6050420168067226,0.5555555555555556
10,-0.09893272817134857,-0.09893272817134857,0.0,0,0,0.0,0.6260504201680672,0.6296296296296297
11,-0.09704089164733887,-0.09704089164733887,0.0,0,0,0.0,0.6596638655462185,0.6666666666666666
12,-0.14402352273464203,-0.14402352273464203,0.0,0,0,0.0,0.6302521008403361,0.6296296296296297
13,-0.1570608764886856,-0.1570608764886856,0.0,0,0,0.0,0.6428571428571429,0.6296296296296297
14,-0.15926435589790344,-0.15926435589790344,0.0,0,0,0.0,0.6470588235294118,0.6666666666666666
15,-0.17671196162700653,-0.17671196162700653,0.0,0,0,0.0,0.6638655462184874,0.6666666666666666
16,-0.21889202296733856,-0.21889202296733856,0.0,0,0,0.0,0.6638655462184874,0.7037037037037037
17,-0.22420483827590942,-0.22420483827590942,0.0,0,0,0.0,0.6428571428571429,0.6666666666666666
18,-0.1445470154285431,-0.1445470154285431,0.0,0,0,0.0,0.6470588235294118,0.6666666666666666
19,-0.1174810379743576,-0.1174810379743576,0.0,0,0,0.0,0.6428571428571429,0.6296296296296297
20,0.018649667501449585,0.018649667501449585,0.0,0,0,0.0,0.6134453781512605,0.5925925925925926
21,0.13116084039211273,0.13116084039211273,0.0,0,0,0.0,0.6134453781512605,0.6296296296296297
22,0.09582993388175964,0.09582993388175964,0.0,0,0,0.0,0.6176470588235294,0.6296296296296297
23,-0.0776820182800293,-0.0776820182800293,0.0,0,0,0.0,0.6050420168067226,0.6296296296296297
24,-0.16553425788879395,-0.16553425788879395,0.0,0,0,0.0,0.6176470588235294,0.6296296296296297
25,-0.15167802572250366,-0.15167802572250366,0.0,0,0,0.0,0.6134453781512605,0.6666666666666666
26,-0.08342194557189941,-0.08342194557189941,0.0,0,0,0.0,0.6092436974789915,0.6666666666666666
27,0.02236633375287056,0.02236633375287056,0.0,0,0,0.0,0.6008403361344538,0.6666666666666666
28,0.0210227370262146,0.0210227370262146,0.0,0,0,0.0,0.6134453781512605,0.6296296296296297
29,0.027847260236740112,0.027847260236740112,0.0,0,0,0.0,0.6092436974789915,0.5925925925925926
30,-0.03528079390525818,-0.03528079390525818,0.0,0,0,0.0,0.5966386554621849,0.6296296296296297
31,-0.04471571743488312,-0.04471571743488312,0.0,0,0,0.0,0.5966386554621849,0.5925925925925926
32,-0.033525243401527405,-0.033525243401527405,0.0,0,0,0.0,0.6218487394957983,0.5925925925925926
33,-0.0014696083962917328,-0.0014696083962917328,0.0,0,0,0.0,0.6050420168067226,0.6296296296296297
34,-0.04881742224097252,-0.04881742224097252,0.0,0,0,0.0,0.6176470588235294,0.6296296296296297
35,-0.06209012120962143,-0.06209012120962143,0.0,0,0,0.0,0.6260504201680672,0.5925925925925926
36,-0.010976508259773254,-0.010976508259773254,0.0,0,0,0.0,0.6050420168067226,0.6296296296296297
37,-0.04332060366868973,-0.04332060366868973,0.0,0,0,0.0,0.6218487394957983,0.6666666666666666
38,-0.03865637630224228,-0.03865637630224228,0.0,0,0,0.0,0.6218487394957983,0.5925925925925926
39,0.007595852017402649,0.007595852017402649,0.0,0,0,0.0,0.634453781512605,0.5925925925925926
40,0.010890334844589233,0.010890334844589233,0.0,0,0,0.0,0.6386554621848739,0.5925925925925926
41,0.05448839068412781,0.05448839068412781,0.0,0,0,0.0,0.6596638655462185,0.6296296296296297
42,-0.02871270477771759,-0.02871270477771759,0.0,0,0,0.0,0.6512605042016807,0.6296296296296297
43,-0.040039755403995514,-0.040039755403995514,0.0,0,0,0.0,0.6638655462184874,0.6296296296296297
44,0.0017619431018829346,0.0017619431018829346,0.0,0,0,0.0,0.6638655462184874,0.6666666666666666
45,0.017253100872039795,0.017253100872039795,0.0,0,0,0.0,0.6680672268907563,0.6666666666666666
46,0.04309551417827606,0.04309551417827606,0.0,0,0,0.0,0.6470588235294118,0.6666666666666666
47,-0.0008394420146942139,-0.0008394420146942139,0.0,0,0,0.0,0.6512605042016807,0.6666666666666666
48,-0.001409284770488739,-0.001409284770488739,0.0,0,0,0.0,0.6428571428571429,0.6666666666666666
49,0.017690226435661316,0.017690226435661316,0.0,0,0,0.0,0.6470588235294118,0.6296296296296297
50,-0.06564980745315552,-0.06564980745315552,0.0,0,0,0.0,0.6260504201680672,0.6666666666666666
51,-0.07009144127368927,-0.07009144127368927,0.0,0,0,0.0,0.6218487394957983,0.7037037037037037
52,-0.0007561743259429932,-0.0007561743259429932,0.0,0,0,0.0,0.6176470588235294,0.6666666666666666
53,0.04331839084625244,0.04331839084625244,0.0,0,0,0.0,0.6050420168067226,0.7037037037037037
54,0.022816099226474762,0.022816099226474762,0.0,0,0,0.0,0.634453781512605,0.7037037037037037
55,-0.002440229058265686,-0.002440229058265686,0.0,0,0,0.0,0.6386554621848739,0.7037037037037037
56,-0.08059705793857574,-0.08059705793857574,0.0,0,0,0.0,0.6302521008403361,0.7037037037037037
57,0.023206710815429688,0.023206710815429688,0.0,0,0,0.0,0.6176470588235294,0.7037037037037037
58,0.07652279734611511,0.07652279734611511,0.0,0,0,0.0,0.6470588235294118,0.7037037037037037
59,-0.0718390941619873,-0.0718390941619873,0.0,0,0,0.0,0.6596638655462185,0.6666666666666666
60,-0.1227785274386406,-0.1227785274386406,0.0,0,0,0.0,0.6302521008403361,0.6296296296296297
61,-0.1085277646780014,-0.1085277646780014,0.0,0,0,0.0,0.634453781512605,0.6296296296296297
62,0.005987316370010376,0.005987316370010376,0.0,0,0,0.0,0.6260504201680672,0.6666666666666666
63,-0.007479652762413025,-0.007479652762413025,0.0,0,0,0.0,0.634453781512605,0.6296296296296297
64,-0.012384802103042603,-0.012384802103042603,0.0,0,0,0.0,0.6428571428571429,0.5925925925925926
65,-0.025480687618255615,-0.025480687618255615,0.0,0,0,0.0,0.6302521008403361,0.6296296296296297
66,-0.09533543139696121,-0.09533543139696121,0.0,0,0,0.0,0.6302521008403361,0.6296296296296297
67,-0.09563842415809631,-0.09563842415809631,0.0,0,0,0.0,0.6428571428571429,0.6296296296296297
68,-0.09662904590368271,-0.09662904590368271,0.0,0,0,0.0,0.6218487394957983,0.6296296296296297
69,-0.15559083223342896,-0.15559083223342896,0.0,0,0,0.0,0.6134453781512605,0.6666666666666666
70,-0.13094785809516907,-0.13094785809516907,0.0,0,0,0.0,0.6302521008403361,0.6666666666666666
71,-0.18889695405960083,-0.18889695405960083,0.0,0,0,0.0,0.6470588235294118,0.7037037037037037
72,-0.14644736051559448,-0.14644736051559448,0.0,0,0,0.0,0.6218487394957983,0.7037037037037037
73,-0.017160505056381226,-0.017160505056381226,0.0,0,0,0.0,0.634453781512605,0.7037037037037037
74,-0.017169050872325897,-0.017169050872325897,0.0,0,0,0.0,0.6134453781512605,0.7777777777777778
75,0.039001159369945526,0.039001159369945526,0.0,0,0,0.0,0.6092436974789915,0.7777777777777778
76,-0.17380774021148682,-0.17380774021148682,0.0,0,0,0.0,0.6428571428571429,0.7037037037037037
77,-0.3225227892398834,-0.3225227892398834,0.0,0,0,0.0,0.6470588235294118,0.7407407407407407
78,-0.3311530649662018,-0.3311530649662018,0.0,0,0,0.0,0.6428571428571429,0.7777777777777778
79,-0.19912469387054443,-0.19912469387054443,0.0,0,0,0.0,0.634453781512605,0.7037037037037037
80,-0.08590896427631378,-0.08590896427631378,0.0,0,0,0.0,0.6470588235294118,0.7777777777777778
81,-0.13170863687992096,-0.13170863687992096,0.0,0,0,0.0,0.6386554621848739,0.7777777777777778
82,-0.12360937893390656,-0.12360937893390656,0.0,0,0,0.0,0.6302521008403361,0.8148148148148148
83,-0.10858485847711563,-0.10858485847711563,0.0,0,0,0.0,0.6302521008403361,0.8518518518518519
0,11.453054428100586,11.453054428100586,0.0,0,0,0.0,0.5798319327731093,0.7037037037037037
1,0.33985066413879395,0.33985066413879395,0.0,0,0,0.0,0.5882352941176471,0.7037037037037037
2,-0.050872717052698135,-0.050872717052698135,0.0,0,0,0.0,0.5798319327731093,0.7037037037037037
3,-0.047212809324264526,-0.047212809324264526,0.0,0,0,0.0,0.5798319327731093,0.7037037037037037
4,-0.06935954093933105,-0.06935954093933105,0.0,0,0,0.0,0.5672268907563025,0.7407407407407407
5,-0.036228109151124954,-0.036228109151124954,0.0,0,0,0.0,0.6050420168067226,0.6666666666666666
6,-0.00010520219802856445,-0.00010520219802856445,0.0,0,0,0.0,0.6176470588235294,0.8148148148148148
7,-0.02903611958026886,-0.02903611958026886,0.0,0,0,0.0,0.6092436974789915,0.7777777777777778
8,-0.05832657217979431,-0.05832657217979431,0.0,0,0,0.0,0.6176470588235294,0.6666666666666666
9,-0.06683127582073212,-0.06683127582073212,0.0,0,0,0.0,0.6428571428571429,0.7037037037037037
10,-0.0779929906129837,-0.0779929906129837,0.0,0,0,0.0,0.634453781512605,0.7037037037037037
11,-0.10617076605558395,-0.10617076605558395,0.0,0,0,0.0,0.6302521008403361,0.7037037037037037
12,-0.11276354640722275,-0.11276354640722275,0.0,0,0,0.0,0.6218487394957983,0.7037037037037037
13,-0.09171687066555023,-0.09171687066555023,0.0,0,0,0.0,0.6302521008403361,0.6666666666666666
14,-0.06731023639440536,-0.06731023639440536,0.0,0,0,0.0,0.6176470588235294,0.7777777777777778
15,-0.09770696610212326,-0.09770696610212326,0.0,0,0,0.0,0.6386554621848739,0.7407407407407407
16,-0.09390881657600403,-0.09390881657600403,0.0,0,0,0.0,0.6386554621848739,0.7777777777777778
17,-0.12183986604213715,-0.12183986604213715,0.0,0,0,0.0,0.6428571428571429,0.8148148148148148
18,-0.1432485282421112,-0.1432485282421112,0.0,0,0,0.0,0.634453781512605,0.7037037037037037
19,-0.07706698775291443,-0.07706698775291443,0.0,0,0,0.0,0.6428571428571429,0.6666666666666666
20,0.002328634262084961,0.002328634262084961,0.0,0,0,0.0,0.6428571428571429,0.6666666666666666
21,0.035896092653274536,0.035896092653274536,0.0,0,0,0.0,0.6554621848739496,0.6296296296296297
22,0.06666704267263412,0.06666704267263412,0.0,0,0,0.0,0.6680672268907563,0.6666666666666666
23,0.09624357521533966,0.09624357521533966,0.0,0,0,0.0,0.6638655462184874,0.6666666666666666
24,-0.06005415320396423,-0.06005415320396423,0.0,0,0,0.0,0.6680672268907563,0.7777777777777778
25,-0.12523427605628967,-0.12523427605628967,0.0,0,0,0.0,0.6386554621848739,0.7407407407407407
26,-0.14813488721847534,-0.14813488721847534,0.0,0,0,0.0,0.6428571428571429,0.7407407407407407
27,-0.1333673894405365,-0.1333673894405365,0.0,0,0,0.0,0.6302521008403361,0.7407407407407407
28,0.03573361039161682,0.03573361039161682,0.0,0,0,0.0,0.6428571428571429,0.7037037037037037
29,0.11972421407699585,0.11972421407699585,0.0,0,0,0.0,0.6512605042016807,0.7777777777777778
30,-0.09648214280605316,-0.09648214280605316,0.0,0,0,0.0,0.6260504201680672,0.7777777777777778
31,-0.1653313785791397,-0.1653313785791397,0.0,0,0,0.0,0.6260504201680672,0.7037037037037037
32,-0.1619577258825302,-0.1619577258825302,0.0,0,0,0.0,0.6512605042016807,0.7037037037037037
33,0.010600542649626732,0.010600542649626732,0.0,0,0,0.0,0.6554621848739496,0.7037037037037037
34,0.1257098913192749,0.1257098913192749,0.0,0,0,0.0,0.6302521008403361,0.7037037037037037
35,0.04861864447593689,0.04861864447593689,0.0,0,0,0.0,0.6260504201680672,0.7037037037037037
36,-0.006499797105789185,-0.006499797105789185,0.0,0,0,0.0,0.6218487394957983,0.7037037037037037
37,-0.023293718695640564,-0.023293718695640564,0.0,0,0,0.0,0.6008403361344538,0.7037037037037037
38,-0.0345672145485878,-0.0345672145485878,0.0,0,0,0.0,0.6134453781512605,0.7037037037037037
39,0.002340763807296753,0.002340763807296753,0.0,0,0,0.0,0.592436974789916,0.7037037037037037
40,0.002204582095146179,0.002204582095146179,0.0,0,0,0.0,0.6176470588235294,0.7037037037037037
41,0.08859333395957947,0.08859333395957947,0.0,0,0,0.0,0.6134453781512605,0.7037037037037037
42,0.05783051252365112,0.05783051252365112,0.0,0,0,0.0,0.6428571428571429,0.7037037037037037
43,-0.082694873213768,-0.082694873213768,0.0,0,0,0.0,0.6302521008403361,0.6666666666666666
44,-0.06033270061016083,-0.06033270061016083,0.0,0,0,0.0,0.6092436974789915,0.6666666666666666
45,-0.07587115466594696,-0.07587115466594696,0.0,0,0,0.0,0.5966386554621849,0.7037037037037037
46,-0.11684028059244156,-0.11684028059244156,0.0,0,0,0.0,0.5798319327731093,0.7407407407407407
47,-0.08385612070560455,-0.08385612070560455,0.0,0,0,0.0,0.592436974789916,0.7037037037037037
48,-0.011521786451339722,-0.011521786451339722,0.0,0,0,0.0,0.5798319327731093,0.7037037037037037
49,-0.07772774994373322,-0.07772774994373322,0.0,0,0,0.0,0.5756302521008403,0.7037037037037037
50,-0.1131090521812439,-0.1131090521812439,0.0,0,0,0.0,0.5882352941176471,0.7407407407407407
51,-0.01407843828201294,-0.01407843828201294,0.0,0,0,0.0,0.5966386554621849,0.7037037037037037
52,0.13140207529067993,0.13140207529067993,0.0,0,0,0.0,0.6008403361344538,0.7037037037037037
53,0.10676465183496475,0.10676465183496475,0.0,0,0,0.0,0.6008403361344538,0.7037037037037037
54,0.08434100449085236,0.08434100449085236,0.0,0,0,0.0,0.6134453781512605,0.7407407407407407
55,0.09633655846118927,0.09633655846118927,0.0,0,0,0.0,0.6008403361344538,0.6666666666666666
56,0.08757080137729645,0.08757080137729645,0.0,0,0,0.0,0.6092436974789915,0.7037037037037037
57,-0.059035345911979675,-0.059035345911979675,0.0,0,0,0.0,0.6176470588235294,0.7407407407407407
58,-0.038139522075653076,-0.038139522075653076,0.0,0,0,0.0,0.6176470588235294,0.7407407407407407
59,0.04622875154018402,0.04622875154018402,0.0,0,0,0.0,0.6092436974789915,0.7777777777777778
60,0.08314286917448044,0.08314286917448044,0.0,0,0,0.0,0.6176470588235294,0.7407407407407407
61,-0.03257124125957489,-0.03257124125957489,0.0,0,0,0.0,0.6302521008403361,0.7777777777777778
62,-0.028398782014846802,-0.028398782014846802,0.0,0,0,0.0,0.6554621848739496,0.7407407407407407
63,-0.07227197289466858,-0.07227197289466858,0.0,0,0,0.0,0.634453781512605,0.7037037037037037
64,-0.03435930609703064,-0.03435930609703064,0.0,0,0,0.0,0.634453781512605,0.6666666666666666
65,-0.07554598897695541,-0.07554598897695541,0.0,0,0,0.0,0.6428571428571429,0.7407407407407407
66,0.016437441110610962,0.016437441110610962,0.0,0,0,0.0,0.592436974789916,0.6666666666666666
67,0.015170246362686157,0.015170246362686157,0.0,0,0,0.0,0.6092436974789915,0.7037037037037037
68,-0.028114423155784607,-0.028114423155784607,0.0,0,0,0.0,0.6176470588235294,0.6296296296296297
69,0.08888447284698486,0.08888447284698486,0.0,0,0,0.0,0.6092436974789915,0.6296296296296297
70,-0.04700586199760437,-0.04700586199760437,0.0,0,0,0.0,0.6218487394957983,0.7037037037037037
71,-0.18014657497406006,-0.18014657497406006,0.0,0,0,0.0,0.6092436974789915,0.7037037037037037
72,-0.1399236023426056,-0.1399236023426056,0.0,0,0,0.0,0.6176470588235294,0.7037037037037037
73,-0.027227014303207397,-0.027227014303207397,0.0,0,0,0.0,0.6134453781512605,0.6296296296296297
74,0.02925163507461548,0.02925163507461548,0.0,0,0,0.0,0.6050420168067226,0.6666666666666666
75,0.04373355954885483,0.04373355954885483,0.0,0,0,0.0,0.6260504201680672,0.7777777777777778
76,-0.028664186596870422,-0.028664186596870422,0.0,0,0,0.0,0.6302521008403361,0.7777777777777778
77,-0.08909451961517334,-0.08909451961517334,0.0,0,0,0.0,0.6302521008403361,0.8148148148148148
78,-0.08710359781980515,-0.08710359781980515,0.0,0,0,0.0,0.6302521008403361,0.8148148148148148
79,-0.03793740272521973,-0.03793740272521973,0.0,0,0,0.0,0.634453781512605,0.7407407407407407
80,-0.0361812561750412,-0.0361812561750412,0.0,0,0,0.0,0.6302521008403361,0.7407407407407407
81,-0.062074318528175354,-0.062074318528175354,0.0,0,0,0.0,0.6092436974789915,0.7407407407407407
82,-0.15911197662353516,-0.15911197662353516,0.0,0,0,0.0,0.6050420168067226,0.7407407407407407
83,-0.0891074538230896,-0.0891074538230896,0.0,0,0,0.0,0.592436974789916,0.7407407407407407
84,0.10129663348197937,0.10129663348197937,0.0,0,0,0.0,0.6134453781512605,0.7037037037037037
85,0.08140484988689423,0.08140484988689423,0.0,0,0,0.0,0.6092436974789915,0.7777777777777778
86,-0.05166354030370712,-0.05166354030370712,0.0,0,0,0.0,0.5966386554621849,0.7777777777777778
87,-0.13773605227470398,-0.13773605227470398,0.0,0,0,0.0,0.6050420168067226,0.7037037037037037
88,0.009674996137619019,0.009674996137619019,0.0,0,0,0.0,0.6134453781512605,0.7037037037037037
89,-0.09269969165325165,-0.09269969165325165,0.0,0,0,0.0,0.6092436974789915,0.7037037037037037
90,-0.07084044814109802,-0.07084044814109802,0.0,0,0,0.0,0.6218487394957983,0.7037037037037037
91,-0.05692201852798462,-0.05692201852798462,0.0,0,0,0.0,0.6134453781512605,0.7037037037037037
92,-0.006239593029022217,-0.006239593029022217,0.0,0,0,0.0,0.592436974789916,0.7037037037037037
93,-0.11910998076200485,-0.11910998076200485,0.0,0,0,0.0,0.5966386554621849,0.7037037037037037
94,0.004661187529563904,0.004661187529563904,0.0,0,0,0.0,0.5882352941176471,0.7037037037037037
95,0.016364291310310364,0.016364291310310364,0.0,0,0,0.0,0.5966386554621849,0.6666666666666666
96,-0.0118914395570755,-0.0118914395570755,0.0,0,0,0.0,0.6008403361344538,0.7777777777777778
97,-0.038029611110687256,-0.038029611110687256,0.0,0,0,0.0,0.5672268907563025,0.7777777777777778
98,-0.03430059552192688,-0.03430059552192688,0.0,0,0,0.0,0.5840336134453782,0.7407407407407407
99,0.06510722637176514,0.06510722637176514,0.0,0,0,0.0,0.592436974789916,0.7777777777777778
